millis	counter	ax	ay	az	gx	gy	gz	mx	my	mx
10	1	-1260	-59	8290	-68	-67	-3	230	68	-660	
25	2	-1262	-63	8291	-68	-68	-3	233	57	-665	
72	3	-1253	-63	8294	-68	-70	-1	224	56	-668	
118	4	-1257	-59	8289	-69	-68	-2	226	58	-660	
166	5	-1254	-62	8297	-68	-69	-3	229	65	-655	
215	6	-1258	-59	8301	-68	-68	-3	238	64	-672	
262	7	-1258	-60	8291	-68	-68	-2	233	61	-661	
310	8	-1253	-59	8290	-68	-68	-2	232	62	-664	
358	9	-1257	-60	8290	-67	-68	-1	228	62	-670	
406	10	-1259	-65	8290	-68	-68	-2	225	59	-663	
454	11	-1257	-64	8284	-68	-68	-2	234	56	-668	
503	12	-1253	-60	8284	-68	-67	-1	227	65	-665	
552	13	-1254	-61	8284	-67	-68	-3	228	64	-662	
602	14	-1252	-63	8286	-68	-68	-1	236	60	-670	
650	15	-1253	-64	8299	-67	-68	-2	227	53	-667	
699	16	-1254	-64	8293	-68	-68	-1	239	61	-669	
748	17	-1251	-61	8286	-68	-68	-2	226	64	-666	
796	18	-1258	-64	8296	-70	-68	-1	227	67	-663	
845	19	-1253	-63	8296	-68	-69	-2	226	56	-662	
895	20	-1249	-64	8292	-69	-68	-1	232	56	-664	
944	21	-1254	-64	8290	-68	-67	-2	232	62	-666	
992	22	-1259	-64	8284	-68	-69	-3	230	60	-664	
1041	23	-1258	-67	8286	-68	-69	-3	236	66	-672	
1091	24	-1259	-63	8294	-68	-68	-2	231	59	-665	
1141	25	-1258	-61	8297	-68	-68	-2	228	58	-662	
1190	26	-1259	-56	8293	-68	-67	-3	230	62	-658	
1241	27	-1259	-58	8292	-68	-69	-3	230	60	-664	
1291	28	-1258	-58	8294	-67	-68	-2	229	63	-655	
1341	29	-1258	-60	8296	-68	-68	-1	237	61	-663	
1390	30	-1259	-60	8292	-68	-68	-2	238	60	-670	
1440	31	-1259	-61	8286	-67	-69	-2	237	59	-665	
1490	32	-1259	-63	8295	-67	-69	-2	226	66	-664	
1541	33	-1257	-66	8297	-67	-67	-2	225	53	-667	
1590	34	-1252	-69	8290	-67	-68	-1	224	64	-664	
1640	35	-1252	-57	8285	-68	-67	-3	228	64	-670	
1690	36	-1254	-65	8295	-68	-68	-2	230	60	-660	
1740	37	-1256	-55	8293	-68	-69	-1	227	59	-663	
1789	38	-1257	-59	8293	-67	-69	-2	230	62	-668	
1840	39	-1256	-61	8290	-67	-69	-3	234	68	-674	
1890	40	-1259	-60	8288	-68	-69	-3	230	60	-664	
1940	41	-1257	-62	8287	-69	-68	-4	234	62	-668	
1989	42	-1256	-59	8294	-68	-69	-3	231	55	-673	
2039	43	-1254	-63	8291	-69	-68	-3	229	59	-667	
2090	44	-1258	-65	8299	-69	-69	-3	231	57	-661	
2140	45	-1259	-63	8289	-66	-69	-2	229	57	-663	
2189	46	-1258	-63	8292	-67	-69	-2	226	66	-670	
2239	47	-1249	-60	8291	-68	-68	-1	235	63	-665	
2289	48	-1258	-61	8291	-69	-67	-2	233	61	-657	
2339	49	-1259	-65	8278	-67	-67	-2	228	56	-660	
2389	50	-1262	-66	8291	-67	-68	-1	228	56	-662	
2439	51	-1261	-62	8283	-67	-68	-2	236	58	-666	
2489	52	-1261	-58	8284	-67	-67	-2	235	63	-661	
2539	53	-1256	-58	8290	-67	-68	-1	229	63	-663	
2588	54	-1257	-55	8292	-68	-68	-1	232	62	-664	
2638	55	-1256	-61	8289	-67	-68	-2	224	60	-662	
2689	56	-1254	-57	8286	-67	-68	-2	235	59	-663	
2739	57	-1258	-61	8290	-67	-68	-1	239	61	-663	
2788	58	-1255	-60	8292	-67	-69	-2	236	58	-662	
2838	59	-1252	-57	8296	-66	-68	-2	234	58	-660	
2888	60	-1255	-60	8295	-67	-69	-2	226	60	-666	
2938	61	-1251	-64	8288	-67	-69	-3	219	63	-665	
2988	62	-1257	-60	8292	-68	-67	-3	230	60	-668	
3038	63	-1258	-63	8290	-67	-68	-2	232	58	-668	
3088	64	-1255	-62	8293	-68	-69	-2	230	56	-666	
3138	65	-1256	-60	8294	-68	-69	-3	229	57	-665	
3187	66	-1258	-62	8287	-68	-69	-3	229	59	-667	
3237	67	-1255	-63	8297	-68	-68	-3	230	58	-660	
3288	68	-1260	-63	8290	-70	-69	-2	229	59	-669	
3338	69	-1258	-57	8290	-68	-68	-2	226	68	-658	
3387	70	-1260	-63	8288	-68	-68	-2	226	60	-668	
3437	71	-1257	-64	8283	-68	-68	-2	227	57	-661	
3487	72	-1254	-61	8285	-68	-68	-2	229	59	-673	
3537	73	-1260	-59	8285	-67	-69	-2	231	61	-665	
3587	74	-1254	-62	8288	-68	-71	-2	229	65	-667	
3637	75	-1257	-63	8291	-68	-69	-2	226	62	-654	
3687	76	-1258	-65	8281	-68	-70	-2	230	58	-670	
3737	77	-1256	-59	8299	-68	-69	-1	231	63	-665	
3786	78	-1256	-55	8283	-67	-69	-3	229	59	-665	
3836	79	-1255	-59	8291	-68	-68	-2	231	55	-669	
3887	80	-1259	-61	8292	-69	-69	-2	236	62	-670	
3937	81	-1258	-59	8295	-68	-68	-3	232	60	-674	
3986	82	-1258	-68	8305	-68	-68	-2	232	66	-668	
4036	83	-1257	-65	8280	-67	-68	-3	233	57	-671	
4086	84	-1252	-60	8280	-67	-68	-2	224	64	-664	
4136	85	-1249	-64	8286	-68	-68	-2	232	66	-660	
4186	86	-1254	-68	8280	-68	-67	-2	227	51	-657	
4236	87	-1256	-62	8285	-67	-68	-1	228	66	-662	
4286	88	-1261	-59	8292	-67	-68	-1	231	61	-657	
4336	89	-1257	-64	8294	-67	-68	-1	232	58	-668	
4385	90	-1260	-66	8293	-67	-69	-2	233	57	-661	
4435	91	-1256	-63	8280	-68	-68	-3	232	60	-662	
4486	92	-1261	-61	8288	-69	-69	-2	222	62	-672	
4536	93	-1253	-60	8286	-69	-69	-1	237	63	-669	
4585	94	-1254	-66	8284	-68	-68	-3	228	60	-666	
4635	95	-1258	-63	8290	-68	-69	-2	229	65	-661	
4685	96	-1251	-63	8290	-68	-70	-2	223	57	-667	
4736	97	-1257	-59	8298	-68	-69	-1	230	56	-662	
4785	98	-1261	-61	8298	-68	-68	-1	228	70	-662	
4835	99	-1261	-57	8291	-68	-69	-2	229	63	-665	
4885	100	-1256	-61	8293	-68	-68	-2	230	56	-660	
4936	101	-1251	-64	8284	-68	-68	-2	228	60	-666	
4986	102	-1258	-59	8290	-69	-68	-1	222	60	-668	
5038	103	-1256	-57	8286	-68	-68	-1	224	62	-664	
5089	104	-1254	-59	8285	-67	-69	-3	230	54	-664	
5140	105	-1258	-54	8291	-68	-68	-3	233	65	-661	
5190	106	-1260	-65	8285	-67	-68	-2	233	59	-657	
5241	107	-1257	-56	8284	-67	-68	-2	232	60	-666	
5293	108	-1255	-52	8291	-67	-68	-2	234	56	-662	
5344	109	-1256	-60	8293	-68	-69	-1	233	59	-667	
5395	110	-1255	-65	8294	-69	-68	-2	227	55	-663	
5445	111	-1254	-63	8288	-68	-69	-2	222	54	-666	
5496	112	-1249	-61	8284	-68	-68	-2	231	61	-663	
5548	113	-1256	-61	8293	-67	-68	-2	227	61	-669	
5599	114	-1253	-54	8294	-68	-68	-2	231	65	-663	
5649	115	-1253	-60	8285	-68	-67	-2	228	58	-662	
5700	116	-1257	-60	8288	-67	-69	-2	234	66	-666	
5751	117	-1256	-63	8284	-67	-68	-2	222	62	-660	
5803	118	-1258	-59	8278	-69	-67	-2	226	70	-662	
5853	119	-1252	-57	8290	-68	-69	-1	225	67	-663	
5904	120	-1250	-54	8288	-68	-69	-1	232	64	-672	
5955	121	-1251	-55	8287	-68	-69	-2	221	65	-667	
6006	122	-1254	-63	8290	-68	-69	-3	234	58	-672	
6058	123	-1260	-57	8290	-69	-70	-3	228	60	-658	
6108	124	-1255	-55	8285	-68	-69	-1	229	59	-665	
6159	125	-1257	-66	8285	-67	-69	-2	233	55	-667	
6210	126	-1260	-60	8284	-67	-68	-2	233	65	-667	
6261	127	-1249	-58	8285	-68	-68	-2	234	60	-670	
6311	128	-1258	-55	8292	-68	-69	-2	229	61	-667	
6363	129	-1256	-61	8282	-68	-69	-2	226	60	-664	
6414	130	-1257	-61	8282	-68	-69	-2	229	55	-663	
6465	131	-1262	-59	8283	-68	-69	-3	238	62	-662	
6515	132	-1258	-58	8290	-67	-69	-2	224	60	-662	
6566	133	-1256	-60	8290	-68	-68	-3	230	58	-670	
6618	134	-1254	-59	8287	-68	-68	-2	228	60	-658	
6669	135	-1254	-59	8285	-68	-68	-3	233	63	-667	
6719	136	-1256	-59	8294	-69	-68	-2	225	67	-669	
6770	137	-1254	-59	8292	-68	-68	-1	225	57	-667	
6821	138	-1256	-61	8286	-67	-69	-3	226	60	-668	
6873	139	-1256	-58	8292	-69	-68	-2	224	54	-666	
6924	140	-1254	-61	8287	-68	-69	-3	229	61	-661	
6974	141	-1264	-56	8298	-67	-68	-3	233	69	-655	
7025	142	-1258	-62	8297	-67	-68	-4	225	65	-669	
7076	143	-1252	-59	8279	-68	-69	-2	225	61	-661	
7128	144	-1254	-58	8294	-68	-69	-2	230	54	-666	
7178	145	-1255	-58	8287	-67	-69	-2	228	62	-666	
7229	146	-1255	-63	8297	-67	-68	-2	230	64	-662	
7280	147	-1254	-57	8290	-68	-68	-2	223	63	-665	
7331	148	-1256	-60	8285	-67	-68	-2	230	64	-668	
7382	149	-1253	-66	8287	-67	-69	-2	229	55	-667	
7433	150	-1262	-62	8294	-67	-70	-1	228	66	-672	
7484	151	-1256	-65	8287	-67	-68	-1	230	58	-668	
7535	152	-1253	-59	8297	-68	-69	-1	234	64	-668	
7585	153	-1251	-58	8295	-68	-68	-1	227	57	-667	
7637	154	-1254	-64	8286	-68	-67	-2	232	64	-668	
7688	155	-1256	-65	8282	-67	-67	-2	235	71	-661	
7739	156	-1257	-61	8290	-68	-68	-3	229	55	-663	
7790	157	-1262	-61	8280	-68	-68	-2	232	56	-670	
7840	158	-1257	-60	8283	-68	-67	-3	229	63	-661	
7891	159	-1263	-65	8291	-67	-68	-2	230	56	-672	
7943	160	-1258	-62	8295	-68	-68	-2	233	65	-671	
7994	161	-1265	-65	8288	-67	-69	-2	229	57	-663	
8044	162	-1256	-61	8292	-67	-68	-2	231	57	-663	
8095	163	-1259	-60	8292	-68	-68	-3	236	56	-666	
8146	164	-1259	-58	8291	-67	-68	-2	228	62	-660	
8198	165	-1262	-60	8286	-68	-69	-3	228	60	-666	
8248	166	-1259	-60	8291	-67	-69	-3	234	66	-662	
8299	167	-1248	-59	8289	-68	-68	-2	224	60	-660	
8350	168	-1256	-64	8290	-67	-69	-3	222	62	-664	
8401	169	-1254	-58	8293	-67	-69	-3	232	58	-666	
8452	170	-1256	-62	8281	-68	-68	-3	226	62	-656	
8503	171	-1252	-59	8284	-66	-69	-2	230	68	-664	
8554	172	-1255	-65	8283	-67	-69	-3	228	60	-660	
8605	173	-1255	-60	8281	-67	-70	-3	231	53	-667	
8656	174	-1250	-62	8282	-67	-68	-3	232	56	-660	
8707	175	-1254	-68	8286	-67	-67	-2	223	61	-665	
8758	176	-1255	-62	8288	-68	-69	-2	233	59	-665	
8809	177	-1259	-67	8280	-68	-69	-3	231	59	-667	
8860	178	-1254	-65	8292	-67	-69	-3	233	63	-669	
8910	179	-1255	-66	8284	-67	-69	-3	224	58	-668	
8962	180	-1255	-65	8287	-67	-69	-3	230	62	-668	
9013	181	-1255	-66	8291	-67	-69	-2	229	63	-667	
9064	182	-1255	-60	8290	-68	-69	-3	225	61	-661	
9114	183	-1263	-58	8297	-67	-69	-2	230	60	-662	
9165	184	-1257	-56	8293	-68	-69	-2	234	60	-666	
9217	185	-1255	-62	8294	-67	-69	-2	225	63	-665	
9268	186	-1263	-64	8287	-68	-69	-2	234	60	-662	
9319	187	-1251	-65	8296	-68	-68	-2	230	64	-660	
9369	188	-1257	-65	8295	-67	-68	-3	227	63	-657	
9420	189	-1265	-62	8294	-67	-68	-3	238	58	-668	
9472	190	-1260	-62	8291	-68	-69	-3	228	62	-668	
9523	191	-1255	-59	8290	-68	-67	-2	221	57	-663	
9573	192	-1255	-56	8288	-67	-68	-2	238	58	-662	
9624	193	-1258	-60	8295	-67	-67	-2	233	61	-665	
9675	194	-1261	-58	8290	-68	-68	-2	235	63	-665	
9727	195	-1262	-64	8288	-69	-68	-3	231	59	-659	
9777	196	-1253	-61	8289	-68	-67	-3	240	64	-666	
9828	197	-1251	-63	8294	-68	-69	-2	230	64	-668	
9879	198	-1248	-64	8286	-68	-68	-3	228	58	-674	
9930	199	-1260	-69	8286	-67	-67	-1	231	69	-665	
9980	200	-1255	-65	8290	-67	-68	-3	232	52	-664	
10032	201	-1257	-61	8281	-67	-68	-2	228	54	-662	
10084	202	-1255	-61	8289	-68	-68	-3	233	61	-663	
10136	203	-1250	-64	8287	-68	-68	-3	231	63	-667	
10188	204	-1258	-66	8284	-67	-68	-3	238	62	-674	
10240	205	-1255	-66	8283	-68	-68	-2	236	60	-662	
10292	206	-1255	-63	8290	-68	-69	-2	238	64	-668	
10344	207	-1256	-60	8289	-67	-69	-1	228	60	-666	
10396	208	-1256	-66	8289	-67	-68	-2	228	52	-670	
10447	209	-1253	-62	8288	-67	-67	-2	229	57	-661	
10500	210	-1257	-62	8294	-68	-68	-1	232	62	-666	
10552	211	-1257	-68	8283	-67	-68	-1	229	63	-657	
10604	212	-1254	-58	8288	-68	-68	-1	229	57	-661	
10656	213	-1255	-61	8289	-67	-68	-4	230	56	-664	
10707	214	-1254	-60	8280	-67	-68	-2	237	63	-671	
10760	215	-1261	-66	8287	-67	-69	-2	232	62	-666	
10812	216	-1262	-61	8290	-68	-66	-2	236	62	-664	
10864	217	-1256	-61	8290	-68	-68	-2	234	62	-658	
10916	218	-1252	-65	8294	-68	-68	-1	230	56	-666	
10968	219	-1255	-70	8291	-67	-68	-2	231	61	-661	
11020	220	-1252	-66	8289	-66	-68	-2	234	54	-664	
11072	221	-1248	-63	8291	-67	-69	-2	229	67	-661	
11124	222	-1256	-60	8283	-67	-69	-3	224	60	-664	
11175	223	-1260	-66	8286	-68	-69	-2	230	70	-668	
11228	224	-1256	-65	8298	-68	-69	-2	229	65	-667	
11280	225	-1260	-61	8296	-69	-69	-2	229	63	-673	
11332	226	-1259	-62	8285	-67	-68	-1	226	70	-668	
11384	227	-1257	-61	8293	-67	-68	-2	230	56	-662	
11436	228	-1257	-64	8290	-69	-69	-2	226	62	-662	
11488	229	-1255	-63	8288	-66	-69	-2	231	63	-667	
11540	230	-1251	-66	8288	-66	-68	-2	230	54	-666	
11592	231	-1252	-64	8290	-69	-69	-2	234	52	-664	
11643	232	-1259	-58	8285	-68	-69	-2	226	68	-664	
11696	233	-1263	-59	8298	-67	-69	-3	232	58	-668	
11748	234	-1256	-61	8285	-68	-68	-2	229	57	-667	
11800	235	-1251	-58	8291	-67	-68	-2	225	55	-667	
11852	236	-1260	-63	8281	-68	-69	-2	231	61	-665	
11904	237	-1264	-56	8284	-68	-68	-2	231	63	-673	
11956	238	-1255	-63	8291	-68	-70	-2	224	58	-666	
12008	239	-1250	-60	8288	-69	-69	-2	233	59	-663	
12060	240	-1257	-59	8288	-69	-69	-1	227	57	-657	
12111	241	-1257	-63	8294	-67	-68	-1	235	67	-667	
12164	242	-1256	-64	8292	-69	-70	-2	228	60	-666	
12216	243	-1257	-64	8296	-68	-69	-2	236	60	-670	
12268	244	-1257	-57	8293	-68	-68	-1	224	60	-670	
12320	245	-1253	-63	8289	-68	-68	-2	227	57	-669	
12371	246	-1258	-60	8296	-68	-67	-3	234	58	-660	
12424	247	-1258	-59	8288	-68	-68	-3	225	55	-663	
12476	248	-1254	-61	8289	-67	-69	-2	231	55	-667	
12528	249	-1260	-62	8292	-67	-68	-2	228	60	-670	
12580	250	-1256	-59	8287	-68	-69	-1	226	64	-664	
12632	251	-1258	-61	8295	-68	-69	-2	229	67	-661	
12684	252	-1256	-62	8285	-68	-68	-2	232	54	-666	
12736	253	-1258	-66	8284	-67	-68	-1	230	62	-656	
12788	254	-1256	-69	8291	-68	-69	-3	232	60	-668	
12839	255	-1254	-59	8292	-68	-69	-2	224	60	-670	
12892	256	-1255	-60	8297	-68	-69	-2	232	70	-666	
12944	257	-1259	-68	8292	-70	-69	-2	227	53	-667	
12996	258	-1254	-65	8290	-68	-70	-3	229	61	-663	
13048	259	-1258	-63	8291	-68	-69	-4	230	60	-664	
13100	260	-1252	-59	8290	-67	-68	-2	233	55	-669	
13152	261	-1253	-63	8291	-68	-68	-2	238	64	-670	
13204	262	-1263	-63	8288	-68	-68	-3	230	58	-666	
13256	263	-1256	-60	8288	-68	-69	-3	227	59	-665	
13307	264	-1262	-61	8296	-69	-68	-2	229	61	-665	
13360	265	-1259	-59	8294	-66	-69	-3	232	56	-674	
13412	266	-1256	-57	8291	-68	-69	-3	223	55	-657	
13464	267	-1257	-60	8287	-69	-69	-2	230	58	-662	
13516	268	-1254	-57	8294	-68	-68	-2	231	55	-667	
13568	269	-1254	-61	8295	-68	-68	-1	228	60	-668	
13620	270	-1253	-64	8290	-68	-69	-3	230	64	-670	
13672	271	-1257	-64	8279	-69	-69	-2	231	61	-667	
13724	272	-1258	-64	8283	-67	-69	-1	226	64	-666	
13775	273	-1261	-57	8289	-69	-68	-2	235	61	-669	
13828	274	-1256	-59	8286	-68	-68	-1	234	60	-658	
13880	275	-1256	-61	8283	-68	-68	-2	230	66	-660	
13932	276	-1257	-64	8283	-68	-67	-1	229	59	-663	
13984	277	-1258	-55	8286	-68	-68	-2	225	55	-669	
14035	278	-1259	-57	8287	-68	-68	-2	235	55	-675	
14088	279	-1255	-60	8284	-68	-69	-3	231	63	-663	
14140	280	-1254	-59	8288	-68	-68	-2	231	69	-661	
14192	281	-1257	-61	8291	-68	-68	-2	231	57	-667	
14244	282	-1257	-63	8293	-68	-69	-1	229	59	-665	
14296	283	-1249	-58	8284	-68	-67	-1	232	66	-666	
14348	284	-1252	-66	8288	-69	-69	-2	232	56	-658	
14400	285	-1255	-65	8278	-69	-69	-2	221	53	-663	
14452	286	-1252	-63	8288	-69	-69	-2	224	64	-656	
14503	287	-1262	-57	8290	-68	-69	-2	229	65	-659	
14556	288	-1261	-59	8284	-67	-69	-2	226	64	-666	
14608	289	-1262	-60	8283	-67	-69	-3	234	62	-670	
14660	290	-1260	-59	8295	-67	-69	-3	233	69	-663	
14712	291	-1252	-60	8291	-69	-70	-3	232	58	-662	
14764	292	-1252	-63	8288	-69	-69	-3	229	67	-659	
14816	293	-1257	-57	8291	-68	-68	-2	224	54	-660	
14868	294	-1258	-61	8289	-68	-67	-2	220	66	-654	
14920	295	-1253	-59	8281	-68	-68	-2	230	58	-662	
14971	296	-1257	-59	8291	-69	-68	-2	223	65	-665	
15024	297	-1262	-54	8290	-69	-68	-2	231	63	-671	
15076	298	-1255	-61	8288	-67	-68	-4	233	59	-661	
15128	299	-1255	-57	8292	-67	-69	-2	231	55	-673	
15180	300	-1253	-61	8285	-68	-69	-1	234	58	-666	
15232	301	-1259	-57	8291	-68	-68	-2	236	64	-670	
15284	302	-1254	-61	8284	-67	-68	-2	230	60	-664	
15336	303	-1255	-57	8290	-67	-68	-2	228	56	-662	
15388	304	-1260	-62	8288	-67	-68	-2	226	64	-668	
15439	305	-1256	-64	8290	-68	-68	-3	220	60	-668	
15492	306	-1256	-58	8295	-67	-68	-1	235	67	-659	
15544	307	-1253	-63	8288	-68	-69	-1	229	61	-661	
15596	308	-1254	-67	8291	-67	-69	-1	234	60	-664	
15648	309	-1255	-63	8287	-67	-69	-1	230	62	-660	
15699	310	-1262	-55	8290	-68	-68	-1	233	61	-657	
15752	311	-1260	-61	8282	-67	-69	-1	232	68	-660	
15804	312	-1258	-62	8290	-68	-69	-2	230	64	-664	
15856	313	-1254	-58	8286	-68	-69	-2	227	59	-667	
15908	314	-1259	-63	8292	-68	-68	-1	230	66	-668	
15960	315	-1256	-61	8295	-67	-68	-2	234	60	-666	
16012	316	-1258	-57	8279	-68	-69	-3	236	64	-670	
16064	317	-1257	-61	8290	-68	-68	-4	229	65	-671	
16116	318	-1261	-63	8292	-68	-68	-2	224	62	-658	
16167	319	-1257	-63	8290	-68	-70	-2	235	65	-665	
16220	320	-1257	-65	8289	-68	-69	-2	224	58	-656	
16272	321	-1256	-61	8292	-67	-68	-3	229	61	-667	
16324	322	-1259	-62	8294	-68	-68	-2	233	61	-667	
16376	323	-1256	-65	8289	-68	-68	-2	228	66	-668	
16428	324	-1254	-58	8286	-67	-68	-3	232	54	-674	
16480	325	-1252	-61	8292	-68	-68	-3	228	68	-662	
16532	326	-1252	-59	8286	-68	-69	-3	227	67	-665	
16584	327	-1253	-60	8286	-67	-68	-3	229	61	-671	
16635	328	-1256	-60	8295	-68	-69	-4	231	67	-665	
16688	329	-1259	-55	8292	-68	-69	-2	236	56	-664	
16740	330	-1254	-60	8290	-68	-68	-3	232	60	-666	
16792	331	-1253	-61	8295	-68	-69	-3	231	63	-665	
16844	332	-1255	-58	8292	-68	-68	-2	234	60	-664	
16896	333	-1256	-59	8285	-68	-69	-1	227	57	-661	
16948	334	-1257	-58	8286	-69	-69	-1	231	63	-663	
17000	335	-1251	-55	8291	-67	-68	-1	225	53	-665	
17052	336	-1259	-61	8296	-68	-69	-2	226	66	-666	
17103	337	-1254	-59	8300	-66	-68	-2	233	65	-669	
17156	338	-1253	-59	8298	-66	-68	-2	225	59	-663	
17208	339	-1254	-63	8296	-68	-69	-1	229	59	-665	
17260	340	-1251	-56	8293	-68	-68	-1	232	62	-672	
17312	341	-1246	-59	8289	-68	-68	-1	227	65	-669	
17363	342	-1254	-60	8295	-68	-69	-3	224	64	-666	
17416	343	-1257	-66	8284	-69	-68	-3	230	64	-666	
17468	344	-1256	-62	8292	-68	-69	-2	224	58	-672	
17520	345	-1251	-64	8293	-69	-69	-3	231	61	-665	
17572	346	-1253	-60	8290	-69	-68	-3	223	63	-663	
17624	347	-1255	-65	8288	-67	-69	-2	225	67	-663	
17676	348	-1254	-60	8287	-68	-68	-3	228	64	-668	
17728	349	-1253	-66	8289	-68	-68	-3	227	55	-667	
17780	350	-1255	-61	8291	-68	-69	-2	231	57	-671	
17831	351	-1253	-63	8282	-68	-68	-3	229	65	-659	
17884	352	-1256	-63	8282	-69	-68	-2	227	59	-661	
17936	353	-1257	-62	8285	-68	-68	-3	226	58	-666	
17988	354	-1259	-66	8292	-66	-68	-3	230	64	-666	
18040	355	-1256	-58	8288	-68	-69	-2	231	57	-665	
18092	356	-1253	-65	8298	-68	-69	-2	227	65	-661	
18144	357	-1257	-62	8292	-69	-69	-2	233	63	-665	
18196	358	-1259	-64	8290	-69	-68	-2	233	63	-661	
18248	359	-1251	-62	8286	-68	-68	-2	234	58	-666	
18299	360	-1261	-61	8294	-67	-69	-3	224	56	-664	
18352	361	-1252	-60	8293	-67	-68	-2	225	63	-663	
18404	362	-1252	-63	8296	-68	-68	-1	228	54	-672	
18456	363	-1257	-65	8290	-68	-68	-1	227	59	-665	
18508	364	-1262	-64	8292	-68	-68	-1	228	62	-664	
18560	365	-1257	-59	8287	-68	-68	-2	226	60	-660	
18612	366	-1251	-62	8289	-68	-69	-2	229	57	-667	
18664	367	-1252	-58	8285	-67	-68	-1	230	64	-662	
18716	368	-1255	-63	8290	-68	-67	-2	230	60	-668	
18767	369	-1254	-60	8283	-68	-68	-2	228	62	-658	
18820	370	-1259	-65	8286	-68	-68	-1	232	66	-662	
18872	371	-1258	-59	8281	-68	-68	-1	222	62	-662	
18924	372	-1258	-64	8282	-69	-69	-2	226	64	-668	
18976	373	-1258	-61	8291	-68	-68	-2	229	61	-665	
19027	374	-1254	-64	8291	-68	-67	-3	228	58	-662	
19080	375	-1257	-63	8288	-68	-67	-2	226	64	-664	
19132	376	-1253	-65	8282	-68	-68	-3	225	65	-663	
19184	377	-1251	-61	8290	-68	-68	-3	226	66	-664	
19236	378	-1257	-59	8291	-67	-68	-1	232	54	-672	
19288	379	-1254	-63	8293	-68	-68	-2	233	59	-659	
19340	380	-1260	-62	8290	-67	-68	-3	222	66	-664	
19392	381	-1258	-59	8291	-69	-69	-1	233	55	-669	
19444	382	-1256	-60	8291	-68	-69	-1	228	62	-664	
19495	383	-1260	-61	8284	-67	-69	-1	237	61	-663	
19548	384	-1260	-63	8284	-68	-69	-2	228	58	-660	
19600	385	-1257	-57	8295	-66	-70	-3	228	62	-664	
19652	386	-1255	-60	8279	-68	-70	-1	237	67	-669	
19704	387	-1257	-57	8286	-67	-69	-3	236	62	-670	
19756	388	-1252	-59	8293	-66	-68	-2	230	66	-664	
19808	389	-1255	-55	8290	-67	-69	-2	233	61	-667	
19860	390	-1252	-58	8293	-68	-68	-2	230	58	-668	
19912	391	-1260	-63	8282	-66	-69	-2	224	70	-660	
19963	392	-1255	-60	8296	-68	-68	-2	232	60	-664	
20016	393	-1255	-63	8303	-68	-67	-2	233	67	-671	
20068	394	-1261	-58	8292	-67	-68	-3	229	61	-663	
20120	395	-1260	-65	8287	-69	-68	-3	226	56	-664	
20172	396	-1260	-67	8287	-67	-69	-2	236	58	-664	
20224	397	-1262	-61	8284	-68	-68	-2	228	62	-666	
20276	398	-1261	-57	8290	-67	-69	-2	234	62	-666	
20328	399	-1254	-58	8302	-67	-70	-2	227	59	-665	
20380	400	-1259	-54	8290	-68	-68	-2	234	60	-670	
20431	401	-1253	-54	8292	-60	-69	-2	233	67	-671	
20484	402	-1253	-62	8297	-88	-66	1	231	67	-665	
20535	403	-1255	-60	8294	-64	-66	0	234	58	-662	
20586	404	-1254	-47	8265	-55	-70	-4	232	66	-660	
20638	405	-1258	-58	8300	-61	-69	-2	230	58	-660	
20689	406	-1263	-54	8278	-78	-70	-3	229	61	-663	
20742	407	-1289	-70	8211	-141	-71	18	224	64	-664	
20795	408	-1201	-36	8370	-118	-77	50	229	67	-661	
20848	409	-1264	-104	8274	-1	-75	-6	235	55	-669	
20900	410	-1193	-172	8334	30	-83	-110	232	66	-666	
20954	411	-1172	11	8375	26	-378	-178	219	61	-663	
21007	412	-1086	-53	8552	72	-470	-157	221	57	-661	
21061	413	-1194	-67	8638	-28	-981	-198	204	66	-656	
21116	414	-468	-244	8441	-369	-1592	-238	200	70	-628	
21174	415	-539	413	8280	46	-1199	-332	189	69	-633	
21227	416	14	-114	8457	167	-1076	-278	178	58	-630	
21281	417	112	38	8460	634	-112	-419	171	53	-625	
21334	418	105	224	8488	662	-539	-369	163	51	-617	
21387	419	519	421	9215	987	639	-398	170	36	-624	
21439	420	136	800	8552	1421	1025	-689	172	24	-628	
21492	421	-255	1238	7976	1155	-19	-988	165	9	-631	
21547	422	-1562	692	7393	494	8	-430	162	12	-626	
21599	423	-431	1163	7866	-63	802	-315	165	9	-629	
21652	424	-452	1059	7991	-67	-216	-635	162	12	-624	
21707	425	-339	1504	8805	-59	167	-1443	163	3	-633	
21761	426	-734	1235	8011	-233	312	-1370	166	2	-630	
21816	427	-715	1158	8538	-289	-105	-1611	166	-8	-632	
21873	428	-849	1137	8219	-9	-30	-1704	159	-7	-633	
21927	429	-903	1114	8520	263	-655	-1488	160	-18	-636	
21985	430	-701	1085	8131	631	-527	-1405	149	-23	-633	
22042	431	-425	1270	8232	432	-684	-1903	151	-33	-635	
22099	432	-321	1168	8264	458	-702	-2403	155	-41	-627	
22156	433	-486	1162	8066	241	-43	-2542	161	-59	-641	
22212	434	-1078	1360	7974	325	175	-2388	157	-63	-633	
22269	435	-846	1573	8095	529	-240	-2149	163	-71	-633	
22327	436	-1236	1303	7951	482	-197	-2004	174	-74	-632	
22385	437	-1074	1638	7722	113	-868	-2070	169	-77	-625	
22444	438	-997	1367	7987	-208	-649	-2154	175	-71	-631	
22502	439	-1410	1576	7543	-725	-890	-1890	180	-74	-632	
22560	440	-998	1111	8297	-833	-578	-1852	168	-70	-630	
22619	441	-707	856	8305	-652	-625	-1677	175	-67	-631	
22676	442	-885	838	8570	-422	-334	-1562	170	-72	-640	
22733	443	-498	563	8336	-292	-169	-1580	178	-66	-636	
22791	444	-509	327	8191	-368	222	-1830	194	-66	-640	
22847	445	-1039	464	8545	-499	321	-1756	197	-71	-637	
22904	446	-1227	419	8457	-306	570	-1502	195	-69	-639	
22961	447	-1509	386	8053	-389	167	-1191	200	-68	-640	
23018	448	-1622	2	7857	-761	319	-929	211	-59	-639	
23072	449	-1502	-20	8289	-770	172	-782	210	-60	-638	
23129	450	-1480	-473	8272	-617	-136	-582	214	-46	-644	
23187	451	-1036	-484	8983	-314	60	-679	211	-47	-637	
23243	452	-1512	-288	8437	-113	583	-832	218	-50	-644	
23301	453	-1749	-451	7966	-214	155	-810	222	-50	-642	
23357	454	-1594	-490	8429	-106	-93	-639	214	-44	-646	
23414	455	-1404	-687	8405	-165	83	-839	226	-42	-636	
23471	456	-1876	-879	8138	-138	39	-694	231	-47	-641	
23527	457	-1774	-834	7838	-212	-316	-397	226	-52	-638	
23585	458	-1324	-908	8421	17	-285	-160	231	-47	-647	
23642	459	-1147	-556	8152	25	-144	-379	219	-47	-643	
23698	460	-1771	-792	7956	17	-23	-325	231	-43	-647	
23752	461	-1424	-761	7921	-233	-360	-338	223	-47	-637	
23811	462	-1092	-725	8604	-35	-471	-231	222	-44	-638	
23868	463	-1117	-722	8287	90	-373	-391	226	-48	-638	
23924	464	-1010	-779	8137	-27	-698	-355	214	-50	-648	
23982	465	-906	-852	8354	-108	-778	-426	213	-43	-643	
24039	466	-809	-951	8417	-103	-1057	-344	201	-45	-645	
24097	467	-468	-875	8387	-127	-925	-124	198	-46	-648	
24154	468	-271	-888	8328	-217	-682	-128	189	-45	-643	
24211	469	-15	-880	8508	171	-761	-212	196	-50	-642	
24266	470	179	-510	8411	95	-342	24	195	-53	-645	
24319	471	171	-682	8345	-79	219	296	191	-45	-643	
24372	472	-95	-637	8212	247	412	197	196	-42	-636	
24424	473	-203	-735	8476	114	-121	93	190	-46	-642	
24478	474	-148	-633	8308	-75	-165	49	191	-45	-645	
24533	475	-129	-734	8293	-185	-69	31	197	-51	-649	
24587	476	-47	-680	8258	-52	204	-129	193	-53	-643	
24641	477	2	-633	8417	61	-17	-92	193	-57	-643	
24690	478	-29	-670	8387	35	72	46	203	-45	-639	
24740	479	-388	-735	8445	-202	-94	-221	195	-55	-641	
24797	480	-296	-659	8396	-334	-963	-251	188	-46	-648	
24854	481	153	-846	8359	-509	-669	-220	188	-40	-642	
24910	482	140	-820	8165	-190	719	-240	196	-44	-636	
24966	483	-46	-851	8261	-48	46	-226	193	-47	-639	
25018	484	30	-783	8403	-204	179	-458	197	-43	-645	
25072	485	-90	-991	8281	-165	-380	-518	195	-49	-643	
25128	486	170	-1012	8511	132	-909	-565	184	-54	-642	
25185	487	341	-835	8292	159	-403	-517	187	-39	-635	
25240	488	420	-693	8452	-79	68	-193	191	-43	-645	
25293	489	310	-827	8185	-223	-246	-242	191	-45	-645	
25349	490	442	-841	8145	149	41	-299	190	-52	-642	
25402	491	156	-589	8378	-153	399	32	200	-46	-646	
25455	492	-81	-748	8627	-361	260	608	191	-47	-641	
25509	493	-310	-1055	8307	-60	581	1396	198	-38	-638	
25566	494	-134	-980	8074	-330	-12	1933	189	-41	-645	
25621	495	-206	-1246	8367	-15	9	1831	184	-50	-644	
25675	496	-309	-756	8675	237	-21	1712	183	-43	-637	
25731	497	-312	-848	8339	284	-265	1567	183	-49	-635	
25787	498	-171	-849	9026	891	-222	1433	182	-52	-632	
25843	499	-108	-325	9075	1623	647	1501	187	-57	-635	
25900	500	-564	-25	8010	906	760	1789	184	-62	-638	
25953	501	-840	254	7786	37	-309	2490	172	-66	-634	
26007	502	-531	-35	7977	-256	-1031	2956	152	-56	-636	
26064	503	-94	226	8202	-385	-1217	2968	142	-52	-628	
26121	504	208	1	8590	-164	-13	2679	141	-43	-631	
26173	505	96	250	8581	-39	216	2308	149	-49	-643	
26225	506	-152	18	8330	106	457	1899	144	-42	-630	
26277	507	-344	91	8333	-119	-302	1937	142	-32	-632	
26333	508	-202	-132	8422	-114	-1	2179	136	-34	-632	
26388	509	-346	32	8332	-359	-435	2612	140	-14	-630	
26443	510	150	-249	8474	-834	-396	2659	131	-9	-633	
26499	511	416	-463	8366	-433	-117	2415	128	-6	-626	
26553	512	327	-78	8345	-395	-65	2443	137	7	-623	
26605	513	215	-99	8175	-39	-376	2219	125	11	-625	
26658	514	566	-302	8329	390	-696	1686	127	5	-629	
26712	515	1122	-208	8681	152	481	689	133	-1	-627	
26765	516	557	-379	8557	-508	1138	-43	137	7	-635	
26817	517	83	-364	8712	-158	1802	-214	162	0	-632	
26870	518	-557	-498	8517	335	1914	-407	160	-2	-648	
26926	519	-1131	-424	7847	736	1395	-507	177	3	-643	
26981	520	-1552	-84	7925	150	-121	-148	181	-3	-647	
27036	521	-1054	17	8436	234	-96	-241	171	-9	-633	
27088	522	-1048	61	8190	121	499	-1256	180	-8	-644	
27143	523	-1153	39	8334	99	227	-2124	182	-10	-642	
27197	524	-1381	-99	8132	81	148	-2574	184	-16	-638	
27252	525	-1555	-286	8266	-5	-410	-2029	167	-17	-641	
27310	526	-1318	-178	8208	414	-169	-1905	183	-25	-643	
27368	527	-1416	-74	8233	437	205	-1819	189	-23	-633	
27424	528	-1433	-135	8334	327	-78	-2009	192	-38	-634	
27481	529	-1416	90	8097	13	-161	-2103	186	-38	-644	
27536	530	-1487	-276	8174	-164	-477	-2047	184	-36	-638	
27595	531	-1213	-135	8390	-6	-453	-1782	187	-35	-635	
27653	532	-998	-324	8218	126	-196	-2080	191	-45	-647	
27710	533	-1376	-352	8318	147	-38	-2187	194	-46	-634	
27767	534	-1197	-401	8060	-150	97	-2022	197	-39	-643	
27825	535	-1388	-446	8301	-5	185	-1800	202	-44	-640	
27880	536	-1015	-598	8234	157	-242	-1778	197	-41	-637	
27938	537	-1117	-419	8241	-43	-340	-1760	202	-38	-640	
27997	538	-680	-547	8444	-336	-186	-1999	203	-43	-631	
28055	539	-1023	-798	8411	-351	-5	-2192	215	-41	-641	
28112	540	-799	-853	8399	-232	-31	-2303	215	-43	-639	
28170	541	-1009	-1243	8290	-225	223	-2288	210	-36	-650	
28229	542	-944	-1183	8157	-15	166	-1747	219	-31	-649	
28285	543	-988	-1312	8233	-158	49	-1389	232	-34	-646	
28343	544	-1018	-958	8185	-8	470	-1341	235	-41	-643	
28399	545	-1067	-1231	8315	-118	246	-1488	236	-44	-642	
28459	546	-1114	-1382	8258	-2	571	-1355	243	-31	-645	
28516	547	-1343	-1483	8108	-87	186	-1054	247	-41	-635	
28574	548	-1342	-1235	8225	84	173	-584	251	-39	-645	
28631	549	-1440	-1257	8185	-117	10	-519	250	-34	-644	
28688	550	-1420	-1343	8142	-134	-63	-129	242	-38	-642	
28745	551	-1464	-1226	8285	-141	-158	392	245	-35	-641	
28804	552	-1541	-1297	8206	-194	31	600	245	-31	-639	
28860	553	-1531	-1387	8079	-277	-10	790	241	-35	-643	
28917	554	-1558	-1347	8117	-252	-89	994	245	-33	-643	
28975	555	-1531	-1432	8256	-352	-478	1040	240	-30	-648	
29034	556	-1400	-1443	8276	-264	-217	1398	230	-30	-644	
29093	557	-1359	-1501	8036	-429	-633	1450	230	-28	-646	
29152	558	-1308	-1713	8322	-312	-1071	2000	223	-29	-645	
29212	559	-904	-1535	8231	-445	-712	2355	207	-31	-639	
29271	560	-1159	-1531	8094	-302	-633	2790	210	-28	-640	
29330	561	-929	-1238	8124	-407	-722	2650	199	-13	-643	
29388	562	-860	-1194	8247	59	-844	2272	190	-30	-638	
29445	563	-577	-1163	8165	121	-419	1946	180	-24	-648	
29502	564	-796	-1094	8117	40	-70	1517	190	-20	-638	
29557	565	-498	-1750	8271	405	-422	1451	175	-33	-643	
29614	566	-693	-918	8139	475	141	2005	186	-28	-638	
29669	567	-1039	-746	8274	188	42	1974	183	-27	-641	
29724	568	-969	-628	8319	76	-355	2059	178	-16	-634	
29779	569	-1021	-582	8408	-172	-421	2363	173	-21	-643	
29838	570	-828	-529	8441	-366	-699	2357	159	-27	-641	
29895	571	-785	-564	8293	-393	-828	2253	155	-13	-635	
29953	572	-580	-598	8430	-220	-846	1933	150	-4	-630	
30008	573	-336	-695	8249	-113	-623	1799	147	-7	-633	
30064	574	-305	-585	8319	-163	-141	1680	155	1	-627	
30119	575	-290	-671	8156	7	-270	1814	151	1	-633	
30172	576	-347	-602	8296	209	-387	1881	138	4	-628	
30226	577	-194	-489	8373	322	-261	1589	145	-3	-631	
30280	578	-183	-546	8443	259	0	1159	146	0	-630	
30331	579	-133	-302	8565	110	3	733	144	-2	-628	
30383	580	-140	-434	8476	-47	-20	284	143	3	-627	
30435	581	-86	-493	8379	-159	18	-288	149	1	-631	
30487	582	-262	-384	8226	-313	-85	-709	141	1	-637	
30540	583	-177	-525	8287	-329	-40	-897	142	0	-630	
30595	584	-341	-423	8367	-193	-58	-845	147	-3	-639	
30650	585	-154	-576	8535	-82	134	-917	154	0	-634	
30703	586	-92	-569	8486	123	536	-1561	154	-10	-632	
30758	587	-202	-573	8386	241	888	-2402	159	-13	-639	
30814	588	-776	-359	8214	163	1102	-3133	177	-21	-641	
30871	589	-1096	-546	8163	48	626	-3262	176	-18	-644	
30927	590	-1256	-645	8102	-63	397	-3101	177	-25	-637	
30985	591	-1226	-769	8239	-73	183	-2918	183	-25	-637	
31042	592	-1278	-866	8288	29	55	-2615	188	-20	-644	
31097	593	-1217	-772	8467	9	-109	-2529	189	-29	-645	
31154	594	-1120	-1024	8223	-171	-233	-2188	192	-28	-640	
31213	595	-771	-1152	8456	-167	-328	-2126	195	-25	-645	
31272	596	-740	-1201	8130	-98	-197	-2135	189	-35	-645	
31331	597	-511	-1145	8264	14	-155	-2216	192	-36	-646	
31388	598	-548	-1159	8216	57	230	-2155	203	-35	-645	
31445	599	-527	-1244	8250	-24	184	-2107	205	-31	-637	
31502	600	-637	-1116	8140	156	707	-2095	223	-43	-641	
31559	601	-788	-1292	8274	219	566	-1988	227	-41	-635	
31617	602	-1042	-937	8343	208	465	-1626	228	-48	-634	
31673	603	-1108	-1053	8415	131	350	-1604	231	-41	-637	
31731	604	-1158	-839	8219	155	492	-1614	239	-41	-643	
31789	605	-1302	-1132	8073	211	209	-1618	241	-49	-647	
31847	606	-1186	-1265	8339	140	-52	-1014	240	-48	-644	
31905	607	-1237	-1146	8282	-40	-193	-525	241	-45	-635	
31964	608	-1164	-1262	8377	-151	-270	132	231	-53	-639	
32022	609	-1284	-954	8344	-172	-223	628	234	-42	-640	
32078	610	-1308	-1226	8603	-262	-334	1042	226	-42	-640	
32138	611	-1202	-1359	8171	-232	-382	1955	229	-33	-639	
32197	612	-1205	-1280	8170	-390	-646	2536	214	-36	-640	
32257	613	-1003	-1048	8105	-154	-264	3216	219	-39	-637	
32316	614	-1088	-1039	8088	-265	-56	3258	212	-48	-638	
32374	615	-1056	-751	8196	-215	-263	2980	203	-37	-635	
32433	616	-957	-761	8263	-278	-231	2431	196	-30	-642	
32490	617	-1150	-832	8355	-226	-343	2072	190	-36	-638	
32548	618	-1090	-782	8346	-195	-612	1922	193	-27	-639	
32606	619	-703	-1044	8296	-264	-352	1718	185	-27	-635	
32664	620	-874	-991	8261	-254	7	1505	186	-28	-644	
32718	621	-843	-1177	8135	-135	80	1624	182	-28	-636	
32775	622	-941	-943	8297	130	254	1491	187	-27	-637	
32830	623	-1308	-805	8272	135	-166	1428	188	-28	-640	
32887	624	-960	-587	8452	-58	-505	1396	175	-23	-643	
32943	625	-987	-645	8384	-174	-695	1599	174	-30	-638	
33000	626	-854	-560	8354	-488	-206	1875	170	-14	-638	
33057	627	-1036	-643	8257	-564	-69	2059	167	-13	-633	
33115	628	-910	-768	8240	-304	-554	1874	157	-9	-635	
33171	629	-732	-723	8286	-115	-544	1651	166	-8	-634	
33227	630	-687	-647	8454	101	-26	1587	169	-1	-639	
33282	631	-841	-514	8423	88	633	1589	172	-6	-638	
33334	632	-1055	-516	8313	-45	900	1416	169	-3	-645	
33389	633	-1320	-440	8313	-191	570	1185	177	-5	-641	
33445	634	-1524	-493	8069	-232	109	973	176	-2	-638	
33501	635	-1351	-482	8198	-247	-548	784	172	8	-644	
33556	636	-1431	-460	8162	-212	-495	773	168	-4	-646	
33611	637	-1217	-399	8335	-220	-546	681	167	15	-635	
33668	638	-1209	-450	8272	-226	-239	838	164	4	-632	
33723	639	-1130	-555	8363	-108	-152	834	166	12	-638	
33779	640	-1239	-415	8232	-14	-138	801	162	10	-646	
33835	641	-1070	-425	8303	-33	-268	702	166	12	-636	
33890	642	-1030	-384	8368	-61	-120	548	163	11	-639	
33944	643	-1017	-322	8387	-18	-114	222	162	12	-634	
33999	644	-959	-327	8358	-99	-50	-5	161	19	-643	
34052	645	-1049	-313	8262	-178	183	-213	160	12	-634	
34108	646	-1071	-431	8188	-73	-18	-564	171	19	-633	
34163	647	-999	-454	8329	-10	47	-952	169	7	-637	
34215	648	-1105	-408	8346	-17	105	-1187	173	9	-635	
34270	649	-1306	-347	8276	-68	117	-1085	167	11	-643	
34326	650	-1369	-472	8180	-76	121	-829	168	4	-638	
34380	651	-1366	-450	8284	-82	-56	-561	177	-1	-645	
34436	652	-1179	-663	8260	-48	-163	-581	169	7	-641	
34491	653	-1238	-528	8364	-56	155	-703	170	6	-642	
34545	654	-1374	-566	8278	-176	346	-522	174	4	-642	
34599	655	-1462	-670	8243	-238	189	-327	171	1	-649	
34655	656	-1567	-720	8148	-206	125	-123	173	13	-641	
34711	657	-1615	-777	8277	-204	-22	192	179	13	-645	
34766	658	-1508	-780	8282	-3	-10	256	184	10	-644	
34820	659	-1545	-824	8113	-21	-61	279	176	10	-640	
34873	660	-1602	-814	8207	-69	59	598	182	6	-646	
34925	661	-1680	-752	8145	0	-70	706	181	17	-643	
34977	662	-1432	-520	8230	37	-77	648	179	7	-639	
35030	663	-1588	-546	8092	47	-141	461	183	11	-641	
35084	664	-1612	-346	8188	-156	-174	775	181	11	-641	
35139	665	-1536	-426	8158	-297	-137	642	177	9	-643	
35194	666	-1632	-351	8017	-520	-222	627	181	25	-639	
35251	667	-1652	-500	8294	-578	-221	735	177	11	-637	
35307	668	-1448	-1004	8507	-429	-297	852	179	29	-643	
35364	669	-1448	-837	8313	-337	1	917	177	31	-643	
35418	670	-1645	-681	8271	-434	-603	947	176	26	-634	
35473	671	-1372	-660	8300	-158	-396	1124	162	32	-636	
35530	672	-1341	-694	8117	203	-373	1339	167	37	-641	
35587	673	-1082	-653	8379	71	-355	1470	174	28	-638	
35642	674	-1116	-598	8270	-43	145	1412	176	32	-632	
35697	675	-1466	-470	8136	-186	-218	1310	173	35	-631	
35755	676	-1150	-617	8290	-179	-454	1044	170	34	-638	
35812	677	-1166	-343	8407	-419	-785	1099	159	47	-633	
35868	678	-931	-582	8518	-288	-331	839	162	44	-626	
35923	679	-1300	-301	8194	-367	-669	457	155	55	-627	
35980	680	-727	-549	8537	-320	-465	343	154	54	-630	
36035	681	-526	-886	8233	-202	-368	358	155	43	-627	
36090	682	-483	-1035	8196	-191	-124	399	151	57	-623	
36147	683	-840	-941	8202	-57	441	154	158	52	-628	
36199	684	-701	-941	8333	184	-244	63	157	51	-637	
36252	685	-669	-768	8643	182	-104	160	164	40	-624	
36306	686	-781	-702	8404	306	-324	-153	161	45	-625	
36362	687	-613	-302	8815	191	-1458	-313	138	48	-626	
36418	688	-141	-341	8588	48	-2078	-514	127	37	-625	
36472	689	267	-399	8416	-145	-2929	-546	101	47	-609	
36529	690	1366	-396	8271	-251	-3822	-455	75	43	-581	
36585	691	2174	-492	8010	-160	-4267	-241	47	41	-571	
36641	692	3101	-419	7536	-286	-4541	-225	24	38	-548	
36698	693	3886	-487	7005	-471	-4157	-91	3	45	-529	
36752	694	4813	-623	6394	-466	-4037	-268	-10	36	-494	
36809	695	5595	-724	5989	-651	-4223	76	-23	39	-473	
36864	696	6522	-877	4933	-605	-3745	-21	-24	46	-450	
36920	697	7080	-808	4724	-733	-2765	-46	-30	50	-434	
36976	698	7116	-979	4032	-457	-2038	-10	-26	48	-414	
37032	699	7535	-992	3884	-457	-1040	-180	-40	48	-408	
37090	700	7139	-974	3306	-410	-866	-192	-32	34	-408	
37146	701	7773	-821	3647	-8	-883	7	-23	43	-401	
37196	702	7194	-926	3076	170	-688	93	-26	46	-394	
37250	703	7776	-862	3260	-54	-1291	181	-31	49	-387	
37305	704	7489	-1055	2753	-515	-1601	465	-27	59	-375	
37362	705	7495	-637	2651	-613	-1668	-45	-36	42	-366	
37419	706	7383	-1495	1764	-69	-1400	-421	-32	42	-344	
37476	707	8469	-1102	1608	-361	-2988	-128	-24	52	-326	
37533	708	8232	-1179	403	-514	-2092	397	-22	42	-310	
37590	709	8284	-1097	108	-268	-2781	260	-15	45	-297	
37646	710	8094	-1014	-602	-194	-2467	115	-6	44	-272	
37702	711	7953	-1364	-832	-412	-1198	105	-5	53	-275	
37759	712	8387	-760	205	-426	-785	-24	-7	47	-281	
37812	713	7266	-897	409	3164	2868	-366	-11	59	-317	
37866	714	8101	-1976	-701	3193	3117	615	-28	68	-334	
37922	715	8149	-1958	-810	1323	1261	1006	-17	77	-333	
37980	716	8766	-1136	142	-331	-1861	206	-14	80	-318	
38036	717	8270	-1731	668	716	-948	395	-9	83	-321	
38089	718	8838	-2301	-250	831	1998	-356	-18	74	-340	
38146	719	8286	-2137	256	-37	2837	-1458	-24	58	-356	
38201	720	7308	-1862	1049	-1579	397	-1084	-28	56	-348	
38259	721	8215	-1455	1996	-1591	-263	-340	-29	53	-351	
38318	722	7907	-490	1666	-656	744	-391	-32	52	-352	
38373	723	8259	-620	1539	-594	-997	-436	-37	47	-345	
38429	724	7640	-485	2059	154	-368	-393	-31	43	-343	
38485	725	7660	-1127	856	296	-114	-9	-28	36	-342	
38537	726	8233	-713	680	-299	-2014	472	-22	50	-320	
38592	727	8293	-1117	458	-701	-3738	483	-12	54	-302	
38648	728	8025	-526	323	-44	-2655	317	-7	55	-275	
38702	729	7756	-1230	-1260	-80	-3673	-111	4	52	-258	
38758	730	7883	-1119	-1468	-477	-2725	-357	21	45	-233	
38816	731	7296	-1000	-2834	-822	-4123	-168	40	46	-216	
38875	732	6983	-1253	-3695	-771	-4746	211	66	40	-184	
38931	733	6585	-628	-4954	-871	-4855	255	96	34	-168	
38987	734	5869	-609	-5558	-1094	-4908	350	134	24	-152	
39046	735	5189	-75	-6691	-674	-3650	-184	142	16	-158	
39103	736	4329	-727	-6912	-448	-2171	-144	158	28	-152	
39161	737	3484	-644	-7130	-580	-2297	104	175	19	-143	
39219	738	3040	-336	-7571	-698	-2837	313	202	14	-138	
39276	739	2653	-17	-7571	-1085	-3071	219	216	12	-136	
39332	740	2053	161	-8119	-587	-2290	84	226	4	-148	
39387	741	1782	337	-8418	-340	-1777	-122	238	4	-144	
39443	742	1192	185	-7978	-141	-1231	-113	248	4	-148	
39499	743	1020	316	-8025	-36	-872	-44	250	8	-148	
39553	744	802	323	-8144	-109	-1163	-89	254	14	-150	
39608	745	647	316	-8111	-189	-909	-109	263	1	-155	
39661	746	582	299	-8321	78	-278	-16	260	0	-152	
39712	747	517	375	-8282	3	454	32	252	4	-146	
39760	748	683	348	-8358	-111	759	95	251	3	-151	
39812	749	841	135	-8198	88	962	278	253	-3	-147	
39862	750	971	413	-8163	186	1015	362	239	7	-145	
39914	751	1212	153	-8033	195	940	176	224	8	-144	
39966	752	1747	60	-7931	344	1185	211	212	18	-142	
40019	753	1901	-25	-7790	411	1262	207	217	5	-145	
40073	754	2386	-364	-7742	797	1873	272	192	24	-142	
40127	755	2704	-690	-7637	1130	3374	518	165	23	-145	
40183	756	3183	-821	-7359	624	2338	578	160	26	-142	
40239	757	4041	-993	-7037	556	2528	723	136	42	-158	
40294	758	4485	-1150	-6692	489	2510	513	122	48	-168	
40350	759	5010	-1201	-6301	459	2755	536	103	45	-171	
40407	760	5563	-1180	-5891	632	2684	102	93	53	-181	
40461	761	5912	-1658	-5379	254	2139	20	68	54	-190	
40515	762	6003	-1695	-4824	338	1918	23	69	61	-195	
40569	763	6501	-1545	-4449	122	1670	78	61	51	-203	
40624	764	6826	-1708	-4139	-50	2652	-423	34	50	-214	
40680	765	7138	-1315	-3414	-50	3772	-880	18	50	-236	
40736	766	7547	-1731	-2232	15	3520	-550	7	41	-271	
40790	767	8338	-1432	-1972	-147	5260	-398	-20	36	-294	
40848	768	8099	-1204	-328	-434	5079	-825	-33	33	-343	
40905	769	8515	-1128	900	-576	5848	-491	-31	33	-381	
40962	770	7219	-850	2118	-638	5611	-440	-25	15	-417	
41018	771	7198	-743	3725	-441	5064	-495	-13	29	-459	
41074	772	6465	-594	4533	-37	4102	-526	-16	14	-484	
41128	773	6277	-632	5334	-5	3348	-469	-1	21	-511	
41182	774	5686	-553	6252	243	4340	-216	25	13	-537	
41236	775	5009	-507	6607	366	3687	-335	39	11	-549	
41290	776	4072	-318	7388	543	3873	-66	46	4	-574	
41343	777	3125	-124	7348	622	4314	26	69	1	-601	
41393	778	2306	130	7867	532	2901	-191	85	-3	-597	
41446	779	1913	240	7985	200	1327	-140	89	-3	-601	
41499	780	1652	175	8355	71	510	179	92	-2	-602	
41549	781	1893	195	8281	-122	574	600	96	-6	-608	
41602	782	1538	181	8135	81	291	414	101	-9	-605	
41652	783	1327	196	8386	65	747	406	102	0	-614	
41702	784	1408	148	8610	-35	1865	377	120	4	-614	
41754	785	530	107	8376	76	3752	458	147	1	-625	
41804	786	-67	182	8530	-329	3091	148	171	1	-625	
41856	787	-1031	37	8577	-401	3442	148	189	1	-633	
41909	788	-2144	112	7830	-767	2799	138	200	12	-644	
41964	789	-2424	-28	7990	-630	2330	-166	220	16	-632	
42020	790	-2845	-635	7902	-291	1329	46	216	24	-638	
42076	791	-2771	-361	7862	-383	350	-173	222	18	-636	
42131	792	-3464	-524	8004	22	1149	71	241	15	-641	
42184	793	-3491	-403	7691	313	953	494	242	16	-638	
42239	794	-3449	-143	7610	108	1634	235	262	14	-630	
42294	795	-3933	-327	6899	144	1463	60	261	13	-625	
42348	796	-4371	8	7249	67	1069	-247	271	5	-627	
42399	797	-4232	-129	7693	347	1336	-152	284	10	-630	
42455	798	-4697	-148	7380	861	1189	-601	288	-4	-632	
42511	799	-5042	6	6698	1155	1490	-489	298	-8	-624	
42565	800	-5785	306	5947	1002	1763	-297	312	-14	-612	
42623	801	-5754	677	5863	723	828	-135	317	-19	-615	
42678	802	-5967	724	5438	359	688	-158	313	-17	-605	
42733	803	-5862	677	5597	-185	341	-125	319	-11	-611	
42788	804	-5893	417	5725	-480	376	-373	319	-7	-601	
42844	805	-6084	100	5942	-503	495	-410	328	-8	-606	
42899	806	-6328	-39	5742	-137	522	-370	338	0	-598	
42953	807	-6088	130	5637	-107	723	-329	337	1	-599	
43008	808	-6399	-45	5261	94	864	-516	342	-2	-588	
43060	809	-6420	79	4858	69	783	-439	341	-1	-595	
43112	810	-6916	-663	5036	-72	410	-546	345	5	-595	
43166	811	-6500	-302	5092	22	805	-173	353	1	-581	
43219	812	-6795	-281	4417	44	833	-584	360	8	-588	
43273	813	-6907	-206	4612	68	827	-598	367	5	-579	
43325	814	-7493	-590	3899	13	862	-283	363	11	-583	
43379	815	-6980	-623	3718	80	814	-25	376	8	-570	
43431	816	-7369	-599	3687	-422	1307	-63	389	15	-559	
43488	817	-7497	-339	3819	-465	1496	7	387	11	-553	
43542	818	-7241	-495	3346	-263	1962	-163	400	12	-548	
43599	819	-7615	-566	2743	-12	2570	-263	411	17	-507	
43655	820	-7588	-752	1728	45	3472	-549	419	19	-493	
43710	821	-7806	-837	893	485	4265	-1241	435	25	-463	
43766	822	-8156	-1407	-113	22	4022	-407	447	21	-425	
43823	823	-8262	-1230	-1465	-314	4110	515	451	23	-401	
43881	824	-7846	-828	-2360	-240	3923	260	451	29	-369	
43938	825	-6641	-1028	-3212	-295	3125	2	450	20	-348	
43994	826	-7407	-856	-4028	-213	3256	79	443	25	-323	
44050	827	-6477	-822	-4255	1	3196	32	429	27	-299	
44103	828	-6877	-1104	-5163	-258	3038	-349	427	29	-273	
44163	829	-6246	-1153	-5637	-207	2437	-329	414	26	-270	
44222	830	-5115	-972	-5861	-171	2592	-515	402	34	-248	
44280	831	-4731	-952	-6468	-274	3014	-664	385	41	-225	
44339	832	-4808	-1052	-7126	-270	3315	-511	372	34	-198	
44398	833	-3633	-1257	-7454	-424	1828	-144	355	29	-199	
44456	834	-2539	-850	-7558	-10	2468	-254	334	38	-180	
44514	835	-2275	-751	-7691	-534	3001	-341	316	36	-172	
44572	836	-1895	-912	-8083	-662	2941	-592	296	26	-170	
44631	837	-1083	-713	-8209	-721	2107	-499	282	28	-156	
44689	838	-541	-770	-8235	-451	1440	-405	279	29	-155	
44746	839	-167	-632	-8253	-414	936	-224	271	31	-157	
44803	840	123	-561	-8192	-270	684	-307	268	30	-148	
44857	841	340	-374	-8140	-207	579	-191	261	31	-153	
44912	842	332	-488	-8185	-185	192	-66	258	22	-156	
44966	843	409	-420	-8089	-80	126	-109	260	30	-154	
45021	844	445	-411	-8106	-121	47	-6	266	30	-146	
45073	845	641	-382	-8044	-97	31	-54	256	22	-148	
45124	846	482	-296	-8106	-147	-33	44	256	24	-152	
45177	847	608	-352	-8093	-109	-13	-2	256	24	-146	
45231	848	244	-251	-8327	-113	-349	-4	267	19	-149	
45285	849	65	-505	-8342	-58	-1370	189	272	26	-158	
45339	850	-4	-328	-8183	211	-2012	277	286	26	-156	
45392	851	-62	-359	-7925	-79	-1544	264	302	20	-164	
45448	852	-953	-401	-8062	-187	-1103	-83	303	21	-171	
45505	853	-1564	-433	-8115	-121	-1716	-82	323	27	-173	
45563	854	-1968	-470	-8119	112	-2745	-45	336	16	-180	
45621	855	-2499	-444	-8082	269	-3330	101	360	26	-198	
45678	856	-3453	-462	-7729	143	-4054	119	382	22	-226	
45735	857	-4363	-608	-7365	195	-4351	-132	405	27	-251	
45794	858	-5085	-788	-6771	161	-4858	-23	428	26	-280	
45850	859	-5694	-573	-5491	268	-4519	-255	431	41	-311	
45909	860	-6545	-759	-4724	-5	-4351	-129	445	41	-345	
45966	861	-7136	-808	-3859	-206	-4382	-159	450	36	-378	
46025	862	-8061	-935	-3042	-195	-4795	13	451	29	-433	
46083	863	-8354	-857	-1989	-229	-6351	630	431	21	-477	
46141	864	-8116	-467	-322	-214	-6994	1138	406	10	-524	
46199	865	-8010	-187	1277	-860	-7399	1503	384	10	-568	
46257	866	-6410	119	3693	-873	-6546	861	346	10	-598	
46313	867	-5855	-112	4609	-835	-5149	515	310	10	-616	
46370	868	-4692	-254	6034	-488	-4528	208	283	17	-633	
46428	869	-4760	-74	6205	-82	-3554	146	270	18	-636	
46483	870	-4373	-203	6620	-249	-4003	928	240	12	-642	
46540	871	-3270	332	7533	195	-3879	720	203	5	-645	
46595	872	-2921	622	8116	-205	-4111	351	181	9	-639	
46649	873	-1588	39	8169	-676	-2860	110	170	10	-640	
46704	874	-1941	272	8271	-532	-2141	-615	159	19	-637	
46762	875	-775	-19	8725	-248	-1711	-178	151	19	-627	
46818	876	-647	-254	8772	-167	-1317	-77	135	19	-631	
46874	877	-34	-445	8144	343	-2175	138	123	17	-625	
46928	878	770	300	7933	-196	-3901	-849	107	15	-605	
46983	879	1557	-75	8120	-1056	-3299	-1664	74	30	-598	
47040	880	2042	-130	8461	-831	-2037	-1813	72	10	-576	
47097	881	2708	-152	8148	-135	-1074	-1660	68	2	-582	
47154	882	2733	52	7945	282	376	-1664	64	0	-590	
47205	883	2234	-19	8298	257	113	-936	73	-13	-593	
47258	884	2448	265	7885	633	675	-111	77	-17	-593	
47310	885	1941	162	8172	421	588	445	78	-10	-598	
47363	886	2167	522	8268	410	1004	170	80	-18	-606	
47416	887	2182	532	7853	79	1158	-948	91	-19	-605	
47469	888	1639	261	8032	-825	1222	-2348	114	-26	-622	
47526	889	1762	784	8329	-643	955	-3788	117	-39	-621	
47582	890	727	205	8217	-548	1862	-4396	136	-44	-630	
47638	891	938	580	8195	-777	1733	-5072	161	-47	-631	
47694	892	-69	-93	8211	-793	1985	-5699	179	-41	-637	
47751	893	-1625	-521	8159	-1189	1512	-5743	201	-43	-645	
47811	894	-1939	-840	8259	-798	1160	-4258	211	-45	-637	
47871	895	-2093	-940	8270	277	749	-2573	212	-42	-642	
47928	896	-2013	-860	8067	512	360	-1531	222	-50	-638	
47984	897	-1472	-425	8339	492	72	-883	224	-50	-642	
48039	898	-1337	-344	8242	236	-260	-1535	228	-54	-636	
48098	899	-1404	-426	8262	158	-448	-1775	222	-52	-634	
48156	900	-1502	-772	8334	128	-96	-1590	223	-57	-635	
48214	901	-1175	-720	8382	208	-120	-1293	227	-49	-639	
48272	902	-1336	-601	8170	122	-3	-1222	230	-60	-638	
48328	903	-1364	-699	8378	45	45	-801	233	-53	-633	
48381	904	-1536	-390	8334	78	-33	-385	235	-49	-635	
48437	905	-1354	-587	8150	-158	25	-157	236	-50	-632	
48493	906	-1376	-618	8252	-78	-180	-38	232	-60	-636	
48549	907	-1180	-614	8205	-60	-285	50	232	-62	-640	
48605	908	-1201	-572	8296	62	-274	-44	231	-51	-643	
48660	909	-1290	-499	8371	-9	-171	35	227	-55	-637	
48713	910	-1276	-500	8281	-160	-264	78	227	-63	-635	
48770	911	-1288	-572	8427	-102	-447	285	222	-60	-636	
48827	912	-899	-610	8359	78	-292	297	224	-58	-632	
48881	913	-870	-520	8368	52	-267	353	223	-61	-637	
48935	914	-774	-421	8734	299	-135	284	222	-62	-634	
48991	915	-913	-208	8302	387	171	152	227	-71	-635	
49044	916	-1077	-120	8378	273	-133	93	224	-70	-636	
49099	917	-934	-233	8226	124	-294	58	225	-67	-635	
49154	918	-1027	-171	8217	87	45	143	222	-70	-636	
49207	919	-1221	92	8151	294	598	-31	227	-73	-627	
49260	920	-1647	159	7686	-49	306	15	225	-61	-627	
49312	921	-1501	51	8182	-428	-863	258	214	-70	-626	
49368	922	-982	-36	8414	-572	-1183	207	216	-64	-630	
49424	923	-523	-240	8751	-462	-658	9	209	-63	-637	
49478	924	-320	-682	8586	63	-40	251	205	-59	-637	
49531	925	-309	-214	8210	69	-279	181	211	-67	-635	
49585	926	-473	-158	8660	64	2	-63	208	-60	-644	
49636	927	-775	-236	8460	368	470	-464	215	-63	-635	
49691	928	-1272	-193	8806	906	313	190	212	-76	-632	
49746	929	-599	302	8233	1073	367	-57	216	-82	-630	
49801	930	-826	586	8721	814	224	-360	220	-94	-624	
49855	931	-1053	612	9135	1776	-12	-519	224	-110	-622	
49911	932	-1418	1358	8041	2136	-421	-58	220	-110	-608	
49970	933	-667	1979	8200	1608	-763	173	214	-112	-608	
50027	934	-850	2039	8344	1978	-725	-23	209	-149	-589	
50084	935	-601	2532	7924	2362	-673	143	208	-162	-574	
50142	936	-471	3138	7903	2401	-735	159	210	-168	-560	
50199	937	-405	3755	7486	3037	-358	251	193	-191	-543	
50256	938	-406	4302	7196	3183	284	359	202	-204	-522	
50312	939	-138	5040	6060	3110	599	435	205	-209	-507	
50368	940	-119	5561	5798	2101	599	187	201	-221	-489	
50424	941	-227	6025	6167	2556	719	26	209	-223	-471	
50480	942	-331	6251	4679	3370	797	-43	219	-231	-443	
50536	943	-729	6601	4080	2488	613	231	214	-244	-416	
50592	944	-641	6890	4184	3626	642	503	211	-239	-393	
50648	945	-197	7281	1872	4287	441	249	203	-237	-361	
50704	946	-731	7436	1268	3000	45	250	207	-237	-345	
50759	947	-575	7476	1201	3536	432	489	203	-225	-305	
50816	948	-434	7398	-59	4071	529	505	189	-209	-275	
50871	949	-81	7631	-1470	3800	245	516	201	-189	-253	
50927	950	-315	7443	-2025	3188	62	586	195	-181	-233	
50982	951	256	7447	-2813	3026	-241	643	196	-164	-216	
51040	952	47	7163	-3379	2943	-468	476	200	-160	-198	
51096	953	172	6673	-4505	2919	13	467	192	-132	-202	
51151	954	559	6300	-5110	2917	-181	329	197	-111	-179	
51209	955	322	5681	-5182	3017	-296	100	192	-94	-170	
51265	956	394	5247	-5228	4174	-507	-87	203	-59	-163	
51321	957	-221	3957	-6262	5308	-1045	31	216	-24	-146	
51378	958	-284	2662	-7558	5458	-737	476	211	19	-147	
51434	959	-335	1838	-8634	4560	-561	829	210	38	-150	
51490	960	159	796	-8951	3201	-264	666	222	64	-158	
51545	961	-11	681	-8973	2048	-85	190	216	56	-172	
51598	962	-205	139	-8966	1019	179	-152	208	66	-168	
51653	963	101	127	-8952	347	308	209	212	72	-168	
51704	964	78	25	-8604	59	-46	-110	211	63	-167	
51755	965	-59	113	-8576	-209	48	-6	214	54	-164	
51806	966	250	226	-9062	-538	-188	-264	216	66	-162	
51861	967	-206	214	-9068	-1535	139	-222	212	54	-162	
51917	968	299	828	-8913	-2108	246	-213	211	29	-157	
51972	969	-202	1125	-8657	-2649	-2	-246	204	18	-156	
52028	970	306	1741	-8463	-3142	295	81	204	-2	-160	
52082	971	167	2371	-8202	-3322	-13	-143	196	-20	-154	
52140	972	570	3129	-7653	-3305	-39	62	206	-48	-150	
52195	973	140	3714	-7078	-3324	-79	-237	203	-73	-153	
52252	974	328	4504	-6346	-3276	239	16	205	-93	-161	
52306	975	58	5218	-6158	-3214	239	-105	200	-108	-174	
52364	976	328	5784	-5566	-3514	272	-41	192	-128	-188	
52421	977	178	6240	-4353	-3442	-169	-169	192	-154	-204	
52481	978	305	6543	-3611	-2809	-262	-84	195	-159	-211	
52539	979	205	6926	-3528	-2432	-115	-24	193	-177	-231	
52597	980	244	7028	-2881	-2468	148	219	188	-190	-234	
52655	981	582	7423	-2583	-2085	240	190	187	-199	-251	
52711	982	274	7572	-2645	-2313	-65	-150	189	-203	-271	
52769	983	349	7613	-2053	-2891	-50	-261	187	-213	-301	
52828	984	-27	7959	-1297	-4044	55	37	181	-229	-329	
52883	985	169	7452	186	-5141	492	406	177	-235	-369	
52938	986	18	7101	2000	-6166	853	749	166	-240	-420	
52994	987	564	6347	4205	-6214	833	946	158	-228	-448	
53050	988	1319	5780	6114	-5102	339	80	166	-222	-494	
53105	989	676	5717	6630	-3322	104	-373	168	-202	-520	
53163	990	380	5229	6414	-2615	-27	-649	178	-198	-530	
53220	991	404	5124	6587	-2376	-110	-143	173	-189	-551	
53278	992	717	4384	6566	-2356	-65	-476	179	-183	-557	
53336	993	10	4176	6933	-2556	208	-622	190	-168	-572	
53392	994	-208	3442	7387	-2448	570	-486	188	-152	-582	
53450	995	-224	2670	7827	-2218	247	-41	185	-143	-607	
53507	996	218	2461	7871	-2004	-202	-48	185	-129	-615	
53564	997	110	2085	7881	-2125	-214	-279	187	-111	-617	
53622	998	-250	1513	8226	-2293	44	-441	190	-94	-624	
53679	999	-449	1092	8603	-2216	364	-309	192	-84	-632	
53736	1000	-616	549	8473	-1934	244	119	188	-74	-632	
53792	1001	-644	0	8536	-1996	172	281	188	-58	-636	
53846	1002	70	-905	9347	-1457	-243	260	190	-54	-640	
53902	1003	-331	-393	9242	64	-357	-257	189	-57	-645	
53958	1004	-128	-317	8065	32	-363	-109	182	-50	-640	
54015	1005	-89	-459	8068	-855	-366	-208	182	-46	-644	
54072	1006	-144	-811	8227	-1093	-59	-130	180	-40	-638	
54130	1007	-89	-984	8735	-712	-146	-258	183	-41	-651	
54188	1008	-238	-1141	8862	319	11	-237	188	-50	-648	
54243	1009	-179	-756	8527	978	137	-217	188	-50	-648	
54299	1010	29	-566	7965	795	49	-154	189	-59	-641	
54352	1011	-133	-346	7722	90	372	-195	188	-54	-640	
54408	1012	-11	-458	8284	-723	-209	-507	190	-58	-646	
54465	1013	-302	-805	8785	-631	-725	-537	189	-47	-643	
54523	1014	-103	-805	8220	13	-81	-356	194	-54	-640	
54578	1015	-393	-778	8141	-355	615	-316	200	-46	-644	
54635	1016	-227	-885	8510	-257	814	-98	205	-47	-645	
54691	1017	-443	-808	8205	-49	529	-237	208	-52	-644	
54748	1018	-1485	-185	8101	-712	107	838	200	-40	-642	
54805	1019	-281	-1156	7908	-994	185	1244	207	-35	-655	
54863	1020	-257	-1569	8072	-1724	378	630	202	-24	-646	
54922	1021	-337	-2045	8905	-1466	-161	-12	209	-7	-645	
54980	1022	-1053	-2382	7340	-1283	-107	-266	202	6	-648	
55039	1023	-718	-2867	7397	-3335	-826	-54	203	37	-643	
55097	1024	-542	-3938	7275	-4067	-916	-74	188	64	-630	
55155	1025	-36	-4945	8158	-3351	-1492	-155	185	83	-619	
55215	1026	109	-5127	7347	-996	-1529	727	179	85	-633	
55272	1027	460	-4408	5908	-1615	-1137	263	170	108	-610	
55331	1028	28	-5371	6256	-2386	-1103	-170	152	124	-604	
55391	1029	470	-5697	6399	-2097	-934	-33	157	133	-599	
55449	1030	502	-6308	5827	-1407	-109	-37	157	153	-595	
55506	1031	787	-6367	5288	-1480	-147	-39	156	138	-594	
55565	1032	815	-6639	4498	-1331	-336	-172	150	152	-582	
55624	1033	1040	-6732	4301	-1633	-1004	-335	145	159	-567	
55686	1034	1136	-7346	4754	-1517	-538	-399	142	172	-562	
55746	1035	1227	-7386	3843	-1462	78	-149	137	177	-551	
55804	1036	1118	-7110	3141	-2052	157	-277	141	187	-537	
55864	1037	1278	-7566	2911	-2526	-332	-650	139	195	-521	
55924	1038	1374	-7906	2093	-1929	-396	-320	133	217	-507	
55985	1039	1358	-7986	1646	-2618	73	297	137	223	-483	
56041	1040	1404	-8153	1442	-2744	516	162	140	224	-468	
56099	1041	747	-8076	409	-2925	587	399	151	233	-443	
56156	1042	554	-8296	466	-3465	250	1218	166	232	-426	
56213	1043	695	-8185	149	-2521	593	1514	179	239	-411	
56270	1044	1266	-8301	-1366	-2169	223	1146	186	244	-392	
56331	1045	1150	-8144	-2051	-2812	6	168	181	241	-371	
56388	1046	511	-8163	-2571	-3005	-234	-744	176	238	-346	
56449	1047	148	-7869	-1055	-2121	565	-374	178	238	-338	
56507	1048	161	-7186	-3352	-749	614	205	186	236	-334	
56564	1049	493	-7049	-3731	-502	988	213	180	236	-332	
56622	1050	763	-7927	-3680	-274	267	232	179	231	-337	
56679	1051	888	-8113	-3851	8	20	-94	181	233	-337	
56732	1052	529	-8004	-4306	283	-713	-47	179	237	-343	
56790	1053	628	-7138	-3914	179	-546	-14	175	233	-343	
56847	1054	447	-7208	-4416	433	-255	446	184	240	-342	
56903	1055	554	-6498	-3657	-391	-558	417	191	237	-341	
56962	1056	320	-6659	-3468	-8	-311	234	190	240	-344	
57018	1057	-306	-6516	-4452	-1199	-424	528	196	234	-324	
57078	1058	439	-7429	-3693	-2947	-1017	651	202	232	-302	
57139	1059	-569	-7279	-4012	-1885	-644	491	213	219	-289	
57199	1060	-276	-6064	-5894	-2598	-594	763	215	207	-281	
57260	1061	-681	-5985	-5486	-3020	206	676	218	200	-254	
57319	1062	-792	-5042	-6075	-2751	654	629	221	185	-239	
57378	1063	-307	-5006	-6811	-3167	272	267	217	167	-225	
57437	1064	-421	-4146	-7364	-3357	85	-534	215	145	-203	
57496	1065	-905	-3308	-6701	-2884	123	-232	212	130	-194	
57557	1066	-337	-2734	-7675	-2227	185	-89	213	121	-181	
57616	1067	-137	-2336	-7912	-1991	501	-308	207	105	-175	
57676	1068	-4	-1704	-7678	-1343	795	-340	199	109	-181	
57735	1069	-4	-1287	-8574	-1418	439	-139	193	93	-165	
57792	1070	264	-1040	-7886	-1584	-64	-284	193	91	-161	
57850	1071	32	-706	-8358	-1185	67	-36	197	75	-173	
57904	1072	73	-368	-7903	-1133	32	315	194	66	-152	
57958	1073	518	-250	-8184	-903	285	311	189	67	-161	
58013	1074	584	-34	-8092	-854	536	116	195	71	-161	
58067	1075	326	177	-8206	-534	212	-24	194	60	-160	
58122	1076	635	309	-8172	-526	-147	-73	195	59	-165	
58177	1077	516	407	-8102	-93	113	-41	177	61	-163	
58229	1078	507	372	-7986	12	47	114	180	62	-158	
58280	1079	511	352	-8111	54	-148	139	196	64	-158	
58334	1080	397	280	-8248	443	-305	196	189	67	-159	
58388	1081	455	-71	-8314	963	-322	210	191	73	-165	
58442	1082	314	-573	-7965	1721	-321	278	189	97	-167	
58498	1083	342	-881	-7945	2384	-65	255	188	108	-170	
58554	1084	563	-1745	-7926	3439	503	16	187	137	-189	
58610	1085	-165	-2550	-8047	3585	322	320	196	148	-198	
58669	1086	756	-3506	-6912	3563	-122	873	192	176	-216	
58727	1087	568	-4762	-6175	4434	83	621	193	203	-249	
58783	1088	487	-5377	-5232	5593	636	700	195	219	-291	
58841	1089	714	-7071	-4862	6140	875	897	193	243	-333	
58897	1090	670	-7773	-4102	5992	586	782	194	244	-378	
58954	1091	480	-8271	-3130	5199	-162	445	197	243	-413	
59013	1092	197	-8325	-1796	4469	-610	274	204	238	-458	
59071	1093	16	-8527	-227	4296	-841	264	192	230	-478	
59127	1094	237	-8262	823	4184	-760	-13	188	220	-510	
59184	1095	95	-8153	1986	4241	-879	-132	192	194	-534	
59241	1096	413	-7579	3051	4445	-185	-240	185	169	-565	
59298	1097	-8	-7441	3926	4599	256	4	193	153	-595	
59352	1098	159	-6470	4739	4196	-316	57	180	126	-612	
59408	1099	263	-6240	5759	4011	-828	186	177	87	-625	
59464	1100	798	-5389	6655	4196	-878	-328	175	65	-627	
59522	1101	365	-4453	6440	4264	99	-267	187	35	-641	
59577	1102	376	-3487	6962	3230	284	15	186	8	-640	
59629	1103	575	-3084	7920	2894	1224	-129	196	-10	-644	
59687	1104	73	-2338	8749	3702	1457	-224	207	-39	-639	
59745	1105	-139	-1524	8204	3874	703	-358	206	-74	-630	
59803	1106	-385	-519	7496	3092	-501	-489	212	-80	-630	
59862	1107	11	338	7537	1422	-1098	-799	200	-88	-634	
59918	1108	-143	993	7861	516	-604	-906	205	-89	-629	
59974	1109	-365	931	7988	65	433	-588	211	-89	-625	
60027	1110	-442	1094	8509	-249	700	-275	211	-87	-621	
60085	1111	-439	974	8295	-313	493	230	209	-89	-627	
60140	1112	-241	536	8623	-440	128	180	215	-85	-629	
60195	1113	-545	577	8778	-90	-159	100	216	-82	-630	
60251	1114	-292	640	8364	-46	-267	54	210	-80	-634	
60305	1115	-390	566	8368	-148	-268	-2	208	-86	-638	
60359	1116	-259	703	8206	-105	134	-18	211	-89	-621	
60415	1117	-367	610	8446	-180	58	-124	217	-79	-629	
60470	1118	-516	609	8247	-70	243	-53	217	-81	-633	
60524	1119	-488	581	8221	-305	407	-38	217	-87	-623	
60579	1120	-833	447	8379	-201	719	-48	226	-84	-628	
60634	1121	-975	383	8218	-287	266	292	224	-82	-632	
60689	1122	-663	316	8422	-225	-67	243	224	-78	-634	
60744	1123	-1118	517	8359	-46	-180	290	220	-84	-634	
60801	1124	-1013	410	8293	-175	-303	612	214	-84	-632	
60858	1125	-931	430	8393	-157	-434	987	213	-73	-633	
60914	1126	-799	369	8299	-134	-385	1344	214	-74	-630	
60972	1127	-365	368	8420	-140	-220	1387	203	-73	-631	
61028	1128	-363	485	8345	-129	-153	1249	191	-77	-639	
61085	1129	-412	347	8290	-148	-19	1163	197	-73	-627	
61142	1130	-357	455	8233	-166	440	1030	195	-71	-629	
61198	1131	-258	338	8321	-278	847	576	208	-82	-642	
61253	1132	-162	183	8662	-224	436	-380	210	-78	-632	
61309	1133	-622	275	8427	58	-143	-1133	215	-77	-627	
61365	1134	-606	270	8374	24	-505	-1674	209	-77	-637	
61421	1135	-602	244	8262	176	-229	-2181	216	-80	-630	
61478	1136	-968	291	8224	-11	-44	-2413	222	-76	-634	
61535	1137	-1050	197	8128	-331	168	-2159	232	-74	-622	
61593	1138	-1421	-135	8449	-283	199	-1616	241	-73	-633	
61653	1139	-1283	-59	8286	-208	366	-1013	238	-62	-632	
61711	1140	-1467	-70	8576	-75	446	-578	242	-66	-632	
61766	1141	-1323	-70	8322	64	559	-316	253	-77	-631	
61821	1142	-1222	48	8100	158	817	-483	263	-69	-621	
61877	1143	-1591	-61	8015	-126	581	-725	261	-75	-625	
61934	1144	-2060	-225	8265	-106	88	-524	262	-66	-628	
61991	1145	-2576	-118	8289	-107	-369	446	258	-60	-622	
62050	1146	-2450	-61	8383	88	-623	1621	256	-64	-620	
62106	1147	-1732	-34	8055	248	-753	2429	236	-76	-628	
62162	1148	-1079	217	7967	-346	-1040	2505	216	-76	-632	
62222	1149	-34	208	8413	-381	-489	1773	216	-72	-630	
62278	1150	-384	160	8370	-192	16	632	220	-68	-628	
62332	1151	-773	144	8403	-76	162	80	218	-74	-636	
62386	1152	-1186	203	8406	-27	-74	-152	222	-80	-638	
62442	1153	-1270	280	8580	283	-309	40	226	-72	-632	
62496	1154	-1021	346	8007	383	-474	117	212	-82	-632	
62553	1155	-709	453	8143	-108	-636	36	213	-75	-635	
62608	1156	-617	400	8386	-108	-541	-77	212	-80	-636	
62664	1157	-334	429	8479	-41	-340	-311	210	-78	-640	
62721	1158	-444	411	8397	-78	-175	-557	205	-81	-631	
62777	1159	-860	445	8485	19	-216	-420	210	-78	-634	
62831	1160	-678	324	8116	-39	-503	-31	209	-79	-633	
62886	1161	-348	321	8531	-28	-1188	155	202	-76	-626	
62943	1162	65	390	8172	-87	-2264	292	174	-80	-628	
62997	1163	1007	339	8180	-423	-3255	220	160	-70	-622	
63054	1164	1706	369	8002	-502	-3585	-112	127	-79	-619	
63113	1165	2474	78	8039	-348	-3565	-213	101	-77	-609	
63170	1166	3411	160	7719	-182	-3889	-350	90	-76	-590	
63226	1167	3896	439	7114	-536	-4710	-284	55	-63	-565	
63284	1168	5060	35	6304	-857	-4954	-123	38	-70	-544	
63340	1169	5635	107	5678	-951	-4979	-101	17	-63	-523	
63397	1170	6970	-739	3240	-1072	-4711	853	-13	-47	-485	
63457	1171	8199	-1210	4483	-2062	-5015	-17	-20	-44	-458	
63517	1172	8070	-625	3417	272	-2495	-753	-26	-54	-440	
63576	1173	7084	-363	1308	-322	-2593	-103	-26	-54	-420	
63635	1174	7932	-170	1052	-932	-3989	367	-32	-50	-402	
63692	1175	8404	-585	425	-666	-4752	188	-32	-48	-356	
63750	1176	8125	-697	-1169	-396	-4518	26	-21	-53	-323	
63808	1177	7963	-597	-2010	-166	-4355	50	-22	-56	-292	
63866	1178	7745	-718	-3334	117	-3248	-148	-7	-49	-277	
63925	1179	7175	-823	-3824	29	-2103	-26	-3	-51	-269	
63981	1180	6884	-805	-4433	114	-649	201	-1	-45	-265	
64037	1181	7319	-629	-4140	-117	316	294	-8	-46	-274	
64093	1182	7304	-590	-3958	-54	1096	112	-16	-46	-286	
64150	1183	7464	-527	-3598	-295	1209	71	-14	-54	-294	
64207	1184	7400	-565	-3296	-232	909	-197	-11	-53	-303	
64266	1185	7605	-684	-3199	-225	1189	-323	-21	-49	-309	
64325	1186	7625	-826	-2646	-128	1936	9	-19	-49	-321	
64381	1187	7950	-684	-2168	-49	2862	316	-30	-44	-354	
64439	1188	8500	-741	-1373	24	3677	66	-37	-49	-381	
64493	1189	8079	-743	-667	-153	4160	-145	-27	-55	-415	
64551	1190	7642	-860	1122	24	5017	109	-23	-53	-457	
64607	1191	7816	-679	1963	90	6072	369	-5	-47	-497	
64661	1192	7028	-716	3642	-373	6574	471	29	-43	-539	
64717	1193	6151	-823	5399	-351	6551	480	60	-40	-590	
64774	1194	5852	-1134	6509	105	6557	230	92	-40	-606	
64830	1195	4118	-671	7201	334	6694	-179	142	-50	-634	
64886	1196	2646	-956	7722	423	6607	-268	194	-50	-638	
64944	1197	915	-671	7777	449	6267	-263	229	-53	-641	
65000	1198	-936	-537	7985	287	5955	-252	270	-64	-638	
65057	1199	-2301	-474	7854	-132	5215	344	294	-58	-618	
65116	1200	-3199	-634	7348	-99	4647	456	332	-60	-598	
65173	1201	-4087	-406	7175	75	5024	661	367	-63	-579	
65229	1202	-4654	-407	6123	226	5385	303	383	-61	-545	
65286	1203	-5751	-129	5510	-12	5434	-214	404	-60	-512	
65344	1204	-6686	-209	4078	256	5500	-657	426	-58	-480	
65402	1205	-7521	-394	2456	-351	5251	-1028	440	-50	-434	
65463	1206	-8501	-839	1653	-383	5061	-802	445	-35	-403	
65522	1207	-8778	-1086	305	-430	3964	-441	448	-36	-366	
65582	1208	-8260	-1169	-361	-231	2931	-403	452	-36	-354	
65642	1209	-7972	-1215	-1120	-53	1994	-709	441	-29	-331	
65702	1210	-8261	-1465	-1707	-9	1526	-675	450	-26	-328	
65762	1211	-8127	-1687	-2048	19	1113	-317	438	-22	-314	
65820	1212	-8000	-1636	-2285	13	554	87	443	-23	-317	
65877	1213	-8068	-1634	-2453	-287	-408	215	446	-34	-330	
65937	1214	-8295	-1570	-1867	-391	-2012	386	443	-35	-351	
65998	1215	-8576	-1397	-1521	-418	-3500	1051	452	-48	-386	
66061	1216	-8056	-974	-430	-822	-5934	1084	449	-47	-443	
66121	1217	-7042	-550	1919	-937	-7698	-132	428	-42	-496	
66182	1218	-6492	-829	4012	328	-7867	-934	396	-36	-546	
66241	1219	-6211	-1255	5261	1223	-6928	-1290	358	-46	-580	
66304	1220	-5224	-952	6456	1476	-6942	-722	303	-53	-611	
66364	1221	-3820	-741	7224	845	-7145	73	263	-51	-625	
66420	1222	-2007	-384	8268	1150	-5474	313	229	-61	-627	
66480	1223	-670	-492	8015	915	-3850	627	204	-68	-632	
66537	1224	346	-29	8260	548	-1631	383	212	-78	-632	
66592	1225	25	394	8165	23	-505	754	198	-72	-626	
66645	1226	-317	139	8644	-229	-89	1683	201	-67	-641	
66701	1227	-414	-118	8742	44	223	3111	186	-70	-636	
66755	1228	-189	-305	8667	615	590	4230	182	-72	-632	
66811	1229	258	265	7763	149	21	4745	169	-71	-639	
66865	1230	-479	-332	8204	-626	302	5215	161	-55	-641	
66922	1231	-344	-729	8218	-712	1086	6015	159	-39	-645	
66980	1232	-35	-292	8547	-675	1318	6092	157	-29	-641	
67038	1233	427	-880	8804	-1063	300	5406	159	-15	-645	
67095	1234	-260	322	9050	-324	-478	4630	154	-2	-636	
67150	1235	-861	-685	7917	7	-1294	4698	136	6	-632	
67205	1236	-31	-819	8111	-53	-1128	4328	143	5	-633	
67260	1237	41	-701	8354	591	-122	4023	134	6	-634	
67313	1238	175	-331	8043	504	240	3352	143	17	-639	
67367	1239	89	350	8423	435	540	2550	141	21	-641	
67419	1240	-581	175	8113	-2	316	2059	139	15	-635	
67472	1241	-228	149	8621	-354	-142	1366	143	15	-647	
67528	1242	-200	-83	8231	-237	-415	159	131	23	-641	
67584	1243	261	151	8741	-370	-644	-946	132	24	-636	
67639	1244	264	-111	8511	24	-551	-1950	141	7	-635	
67693	1245	440	-93	8653	33	-307	-2840	134	4	-630	
67745	1246	497	-130	8413	-18	24	-3570	136	0	-628	
67799	1247	313	-276	8318	-44	219	-4309	142	-2	-640	
67854	1248	7	-239	8396	82	291	-4828	140	-26	-638	
67907	1249	-259	38	8140	0	234	-4914	148	-28	-636	
67960	1250	-509	-401	8411	-284	137	-4787	159	-37	-635	
68018	1251	-492	-334	8572	8	86	-4776	166	-50	-638	
68072	1252	-404	-491	8280	408	-44	-4858	178	-56	-634	
68129	1253	-153	-184	7908	143	-2	-5225	182	-60	-636	
68186	1254	-1089	-573	8404	-307	225	-5293	200	-58	-636	
68245	1255	-1047	-315	8205	125	312	-5117	221	-61	-647	
68303	1256	-1341	-471	8128	-446	82	-4465	220	-58	-644	
68362	1257	-1225	-256	8511	223	653	-3848	233	-59	-633	
68419	1258	-1294	64	8265	419	280	-2953	241	-59	-635	
68475	1259	-861	-633	7888	170	224	-2305	248	-60	-638	
68533	1260	-670	-382	8733	191	-170	-2723	244	-56	-634	
68591	1261	-1586	-291	7989	22	-476	-2275	250	-54	-642	
68650	1262	-1246	-737	8362	-382	-549	-1107	256	-50	-638	
68710	1263	-1123	-587	8289	-172	-353	-209	250	-54	-634	
68769	1264	-1230	-769	8522	-365	-437	994	249	-49	-643	
68828	1265	-703	-510	8301	-55	-145	1825	243	-51	-633	
68884	1266	-208	-611	8455	-330	-76	1854	239	-53	-641	
68941	1267	-269	-754	8609	-227	-462	1530	233	-51	-645	
69000	1268	-900	-734	8602	203	-343	1728	220	-58	-636	
69057	1269	-759	-641	7912	135	-218	2470	216	-66	-634	
69114	1270	-366	-305	8451	-54	-428	2672	211	-59	-639	
69172	1271	-243	-400	8162	-72	-830	2470	193	-55	-637	
69229	1272	418	-579	8765	-44	-617	2139	195	-63	-641	
69284	1273	364	-59	8393	491	322	1325	188	-66	-640	
69339	1274	101	-132	8045	286	359	842	202	-66	-632	
69393	1275	-93	-61	8341	-87	528	395	197	-67	-641	
69446	1276	-460	-91	8068	-108	944	126	209	-65	-637	
69501	1277	-880	-69	8329	-268	952	114	216	-60	-638	
69557	1278	-980	-405	8657	-23	651	3	215	-65	-631	
69609	1279	-1083	-196	8244	160	755	-154	216	-62	-636	
69666	1280	-1335	-186	7829	-425	104	-250	220	-54	-642	
69725	1281	-1541	-97	8660	-505	-301	72	220	-58	-638	
69781	1282	-1379	-374	8512	-63	-416	511	214	-60	-646	
69838	1283	-741	-415	8286	-30	-114	57	219	-57	-639	
69894	1284	-1271	-158	8165	-15	-431	-45	210	-62	-642	
69950	1285	-974	-483	8120	-500	-1192	191	202	-52	-636	
70008	1286	-811	-406	8592	-279	-939	249	195	-45	-639	
70066	1287	-305	-527	8407	0	-433	146	195	-61	-643	
70120	1288	-387	-398	8342	-159	-430	53	196	-50	-638	
70176	1289	-61	-436	8564	-32	-554	-27	191	-51	-639	
70232	1290	-133	-456	8501	172	-868	-197	188	-46	-636	
70289	1291	224	-526	8617	274	-2011	-134	165	-61	-631	
70345	1292	964	-169	7981	-361	-4442	-105	129	-49	-627	
70404	1293	2590	-477	8081	-1040	-5933	-310	84	-48	-604	
70463	1294	3545	-495	7913	-467	-5507	-547	55	-51	-573	
70521	1295	4489	-441	6878	-292	-5024	-521	27	-45	-553	
70580	1296	5382	-515	6032	-417	-4798	-251	10	-48	-526	
70638	1297	5976	-602	5115	-371	-4120	-131	-7	-51	-503	
70696	1298	6874	-570	4189	-404	-3573	-168	-13	-51	-473	
70756	1299	7174	-501	3631	-453	-3238	-74	-16	-54	-456	
70813	1300	7817	-812	2952	-100	-2308	-108	-26	-50	-440	
70873	1301	8262	-833	2435	29	-663	-190	-28	-50	-446	
70929	1302	8074	-734	2300	15	1836	-283	-15	-51	-465	
70985	1303	7298	-567	2662	-933	3288	-84	-3	-55	-501	
71042	1304	6768	-684	4142	-1483	4189	182	13	-49	-527	
71099	1305	6150	-937	5486	-976	5655	434	35	-41	-571	
71155	1306	5467	-1031	6844	-273	7286	401	92	-34	-606	
71212	1307	3830	-900	7174	204	8199	-125	148	-46	-636	
71269	1308	1507	-858	7606	-380	6407	-362	189	-33	-635	
71327	1309	701	-1200	8424	-542	3564	-378	203	-29	-641	
71386	1310	-336	-1310	8513	-156	473	-189	189	-35	-641	
71444	1311	-106	-987	8592	207	-905	119	184	-40	-646	
71500	1312	500	-1120	8252	275	-1131	198	182	-36	-642	
71558	1313	628	-1011	8228	89	-542	190	178	-40	-638	
71612	1314	493	-1036	8321	-16	-564	437	171	-41	-639	
71668	1315	949	-1047	8369	-2	-699	558	168	-46	-646	
71724	1316	1099	-1045	8198	137	-203	334	173	-39	-633	
71781	1317	1080	-1040	8152	-160	459	148	181	-39	-637	
71838	1318	766	-1061	8493	2	989	-5	190	-42	-640	
71890	1319	276	-945	8134	-64	1302	-4	191	-39	-645	
71944	1320	-52	-1022	8357	-403	1581	94	207	-33	-641	
72000	1321	-625	-1058	8270	-181	2437	165	229	-41	-641	
72058	1322	-1158	-962	8068	-227	3396	235	258	-34	-636	
72117	1323	-1964	-1116	8085	-38	3830	95	273	-35	-633	
72174	1324	-2880	-1092	7870	171	3555	-14	301	-47	-617	
72232	1325	-3646	-1130	7545	550	3241	-124	317	-45	-609	
72292	1326	-4457	-874	6665	421	3024	-150	341	-45	-591	
72349	1327	-5088	-827	6545	170	2823	-138	359	-43	-575	
72408	1328	-5723	-815	5908	94	2430	-184	378	-44	-564	
72465	1329	-6143	-912	5539	-110	1821	-78	378	-48	-550	
72523	1330	-6507	-873	5367	-1	1341	143	391	-51	-545	
72580	1331	-6678	-831	5076	138	1026	254	389	-45	-539	
72637	1332	-6693	-590	4840	33	497	279	391	-55	-541	
72692	1333	-6694	-776	5161	-234	-406	22	382	-48	-550	
72749	1334	-6695	-874	5182	-39	-1417	78	372	-56	-560	
72806	1335	-6391	-750	5347	-308	-3041	263	359	-51	-581	
72865	1336	-5433	-702	6086	-432	-4548	270	325	-49	-607	
72925	1337	-4253	-703	6912	-455	-5511	122	284	-48	-630	
72984	1338	-3238	-597	7667	-347	-5786	-23	248	-40	-626	
73043	1339	-1921	-731	8288	-211	-5950	45	199	-43	-641	
73102	1340	-273	-811	8080	-276	-5058	-46	180	-36	-636	
73160	1341	809	-945	8141	-434	-3951	-153	152	-42	-638	
73219	1342	1632	-1266	8002	-542	-1656	-126	144	-32	-640	
73278	1343	1445	-1433	7558	-1547	246	150	160	-18	-632	
73336	1344	1379	-2181	7988	-2308	846	714	163	-5	-633	
73394	1345	1212	-2761	7899	-2564	582	886	162	24	-630	
73451	1346	1094	-3503	7529	-3211	-19	814	159	53	-629	
73508	1347	1189	-4312	7789	-3255	-169	593	169	67	-623	
73567	1348	962	-4758	7554	-2703	208	394	162	90	-626	
73623	1349	657	-5095	6493	-2448	229	288	166	106	-618	
73679	1350	585	-5485	5784	-2573	-52	409	177	121	-601	
73737	1351	621	-5767	4707	-3615	-341	382	162	150	-590	
73795	1352	657	-6627	3991	-4865	-933	338	162	184	-548	
73853	1353	888	-7165	3622	-5460	-1083	312	159	203	-511	
73913	1354	788	-7928	3114	-4800	-722	223	157	219	-489	
73971	1355	681	-8349	2270	-3506	-463	88	170	224	-460	
74029	1356	959	-8304	1542	-2295	-69	-194	166	228	-450	
74087	1357	511	-8576	1348	-849	-37	-300	164	230	-452	
74143	1358	783	-9048	1828	916	-133	-249	166	230	-470	
74201	1359	884	-8958	2458	3170	353	-426	160	216	-508	
74258	1360	911	-8667	3437	5415	927	-266	162	190	-536	
74315	1361	1226	-8206	3940	7391	1073	-377	163	139	-585	
74375	1362	1260	-7063	4736	7747	256	-688	152	86	-624	
74432	1363	1035	-5393	5762	7235	357	-566	154	34	-628	
74489	1364	994	-3669	7057	6036	684	-432	167	-11	-639	
74546	1365	1198	-2546	7782	5823	1954	-523	189	-49	-641	
74605	1366	781	-1656	7029	4846	1887	-1165	209	-79	-635	
74664	1367	-327	-370	6678	3026	1708	-1459	215	-91	-623	
74724	1368	-1107	734	7391	380	19	-912	220	-80	-620	
74779	1369	-1300	859	8527	-476	-642	-159	214	-90	-626	
74838	1370	-1368	860	9110	-309	-179	1155	202	-82	-630	
74896	1371	-1141	662	7954	-398	835	2358	209	-81	-635	
74953	1372	-828	355	8484	-1135	528	3123	204	-72	-630	
75010	1373	-1320	37	8127	-1136	-252	3865	186	-70	-638	
75068	1374	-356	-477	8565	-1431	-1149	4170	168	-52	-638	
75128	1375	-427	-252	8889	-377	-1025	4359	150	-46	-640	
75188	1376	-168	-238	8217	354	-450	4636	151	-41	-639	
75245	1377	178	19	8255	203	83	4782	139	-33	-639	
75297	1378	701	-73	8202	-65	-114	4014	138	-28	-636	
75353	1379	190	-156	8185	-378	-693	3582	126	-20	-634	
75409	1380	674	-393	8309	-197	-864	3255	123	-1	-633	
75465	1381	315	-58	8308	-18	131	3175	125	-1	-629	
75519	1382	467	-294	8589	192	128	3168	131	9	-625	
75572	1383	323	129	8182	210	235	3122	132	12	-632	
75625	1384	219	-334	8491	-25	360	2950	131	21	-639	
75679	1385	126	77	8391	87	110	3032	135	25	-631	
75729	1386	63	-227	8712	9	-170	3124	129	31	-633	
75782	1387	178	2	8467	250	205	2971	136	36	-638	
75833	1388	-62	-260	8526	81	850	2915	145	35	-643	
75886	1389	-611	-497	8321	282	985	2955	151	43	-641	
75940	1390	-723	143	8356	95	720	2635	160	46	-644	
75994	1391	-818	-30	8266	4	390	2370	166	48	-638	
76046	1392	-733	204	8403	-175	85	1672	163	51	-645	
76100	1393	-398	430	8522	-27	-339	684	161	53	-647	
76154	1394	-428	489	7962	-114	-481	-388	157	39	-645	
76210	1395	-78	258	8799	-263	-487	-1686	161	45	-637	
76266	1396	-214	-170	8521	-3	-443	-3121	147	31	-649	
76322	1397	-42	-195	8097	-212	-267	-4187	149	27	-633	
76380	1398	-350	-421	8479	-225	-25	-4793	142	22	-636	
76437	1399	-216	-475	8665	-304	-17	-5680	147	9	-641	
76493	1400	-725	-1018	8037	-297	-3	-5718	138	6	-638	
76550	1401	-4	-901	8701	-125	119	-6435	146	-14	-640	
76605	1402	-711	-1102	7888	-81	-101	-6518	156	-30	-642	
76664	1403	-543	-1007	8405	-169	-333	-6751	155	-31	-635	
76725	1404	-215	-745	8069	163	150	-6617	166	-50	-642	
76782	1405	-1361	-498	7842	-23	967	-6143	192	-54	-646	
76840	1406	-48	-1429	8392	-93	516	-6183	207	-51	-643	
76898	1407	607	-1350	8367	535	871	-7101	227	-55	-641	
76955	1408	-1104	-849	7497	477	605	-7356	241	-49	-637	
77014	1409	-1026	-638	8521	146	259	-6107	252	-50	-640	
77071	1410	158	-544	8358	630	-813	-6426	252	-38	-636	
77128	1411	-584	-925	8531	-102	-1674	-7001	258	-28	-638	
77189	1412	11	-2226	9327	166	-1344	-6619	259	-27	-631	
77247	1413	-790	-1005	8583	2102	0	-5857	273	-25	-629	
77304	1414	-574	182	7580	1091	52	-4355	264	-30	-638	
77361	1415	-243	597	8871	135	-442	-2767	274	-26	-634	
77418	1416	499	720	8487	-224	-410	-1182	265	-27	-641	
77474	1417	673	516	8433	-489	-422	-618	256	-20	-640	
77531	1418	697	435	8431	-340	-161	118	272	-18	-636	
77586	1419	296	341	8690	-403	25	1477	270	-24	-634	
77640	1420	90	16	8420	-387	167	2986	255	-31	-635	
77693	1421	430	-544	8134	-801	-300	4151	260	-32	-634	
77751	1422	-57	-806	8853	-423	-235	5561	250	-36	-634	
77807	1423	596	-814	7647	-211	130	6740	238	-40	-634	
77863	1424	832	-1489	8204	-997	-534	6675	222	-30	-648	
77922	1425	907	-1304	8221	-521	70	6647	221	-33	-643	
77978	1426	881	-2176	7236	-905	430	6371	209	-27	-645	
78035	1427	954	-1719	7577	-771	-151	6460	198	-26	-636	
78094	1428	669	-2127	7417	-2093	-1182	5328	184	8	-646	
78152	1429	1095	-2384	8685	-1757	-905	4555	184	8	-638	
78211	1430	901	-2746	8257	-6	-356	2818	187	5	-641	
78264	1431	513	-2585	7527	126	943	1526	196	10	-644	
78319	1432	85	-2343	8034	-120	877	238	204	8	-642	
78372	1433	-609	-2334	8611	43	1145	-553	205	15	-649	
78429	1434	-1463	-2115	8538	482	-87	-678	209	5	-639	
78485	1435	-1130	-2014	8656	1585	-842	-554	197	-13	-633	
78545	1436	-1160	-1443	6944	1315	-1564	-392	193	-19	-635	
78606	1437	-973	-913	7575	-46	-2313	127	171	-15	-621	
78663	1438	332	-1198	8744	-48	-1290	85	172	-10	-622	
78720	1439	347	-1157	9016	21	97	-65	177	-9	-621	
78772	1440	326	-1288	8524	576	997	-402	187	-15	-629	
78828	1441	143	-894	8014	65	942	-434	182	-20	-622	
78882	1442	-172	-832	8748	69	638	-497	191	-15	-631	
78937	1443	210	-820	9783	854	-159	-271	189	-31	-627	
78993	1444	-2	-427	8830	1724	-54	-528	188	-40	-624	
79048	1445	-680	-107	7104	526	-769	16	186	-40	-624	
79104	1446	312	-369	8760	-780	-861	410	185	-33	-625	
79160	1447	218	-290	8834	282	380	400	191	-41	-629	
79214	1448	62	-773	7886	40	57	347	182	-34	-624	
79264	1449	341	-648	8241	-400	-69	67	179	-41	-621	
79319	1450	229	-725	8456	-446	-129	-214	182	-26	-622	
79376	1451	-304	-658	8232	-506	-145	-172	190	-30	-630	
79434	1452	193	-873	8113	-814	-263	72	186	-24	-624	
79490	1453	-227	-1050	8764	-931	197	-205	189	-17	-627	
79548	1454	231	-1362	8706	-339	120	104	192	-16	-626	
79603	1455	159	-1187	8420	-241	-70	-148	186	-12	-622	
79661	1456	-44	-951	8270	84	213	-133	187	-11	-629	
79715	1457	-122	-1105	8421	30	92	-194	191	-21	-621	
79770	1458	-162	-1198	8152	122	-228	0	189	-15	-615	
79825	1459	50	-1021	8326	-82	-510	44	185	-19	-621	
79880	1460	10	-925	8294	-143	-398	115	186	-14	-624	
79934	1461	341	-1256	8326	-127	-304	133	176	-16	-626	
79991	1462	82	-1154	8328	-153	-152	32	187	-13	-629	
80047	1463	-191	-1324	8460	-48	-287	131	175	-21	-623	
80104	1464	475	-1570	7941	111	-1046	802	176	-8	-624	
80160	1465	699	-1070	8688	-43	-559	425	170	-16	-624	
80217	1466	621	-1303	8205	-169	-794	349	166	-14	-620	
80274	1467	233	-1203	7636	-196	-1062	344	162	-16	-622	
80331	1468	1390	-980	8508	-551	-39	129	161	-17	-617	
80388	1469	966	-1309	7999	-316	-82	-346	166	-8	-626	
80444	1470	1495	-1288	7524	-822	72	-287	167	-5	-621	
80500	1471	823	-1645	8519	-1010	936	-295	176	8	-620	
80557	1472	917	-1797	8900	-691	401	-211	183	9	-625	
80612	1473	583	-1879	8253	-237	100	-67	177	11	-623	
80666	1474	655	-1842	8165	-123	-56	18	182	10	-616	
80720	1475	640	-2000	8101	-33	-189	305	168	0	-620	
80775	1476	622	-1989	8136	-46	-130	129	173	9	-611	
80829	1477	526	-1974	8128	-54	-106	123	175	3	-633	
80883	1478	604	-1958	8135	-65	-75	21	181	13	-619	
80935	1479	628	-1956	8128	-67	-71	2	173	7	-623	
80987	1480	629	-1945	8127	-67	-71	-2	185	9	-621	
81039	1481	633	-1945	8129	-67	-68	-2	178	12	-624	
81092	1482	632	-1947	8130	-68	-69	-3	179	-1	-623	
81145	1483	628	-1950	8132	-69	-69	-2	184	6	-624	
81197	1484	626	-1947	8123	-68	-68	-2	171	7	-615	
81249	1485	628	-1945	8125	-69	-68	-2	172	6	-620	
81301	1486	630	-1945	8122	-68	-68	-2	180	8	-618	
81353	1487	625	-1946	8132	-68	-68	-3	182	4	-620	
81405	1488	631	-1944	8132	-68	-69	-2	175	1	-615	
81457	1489	636	-1943	8127	-68	-69	-3	173	5	-617	
81509	1490	638	-1950	8120	-68	-69	-3	173	11	-619	
81562	1491	636	-1952	8124	-69	-69	-3	176	6	-620	
81614	1492	632	-1946	8132	-68	-69	-3	172	12	-624	
81667	1493	633	-1945	8132	-67	-68	-3	174	6	-622	
81719	1494	631	-1942	8131	-68	-69	-2	176	8	-622	
81771	1495	638	-1947	8129	-68	-68	-1	177	1	-621	
81823	1496	636	-1943	8129	-68	-69	-2	174	6	-626	
81875	1497	628	-1946	8126	-68	-69	-2	174	8	-618	
81927	1498	635	-1948	8135	-68	-69	-3	177	5	-617	
81979	1499	632	-1948	8133	-69	-69	-3	177	13	-627	
82032	1500	636	-1947	8131	-68	-69	-2	178	2	-614	
82084	1501	637	-1948	8117	-68	-70	-2	173	3	-617	
82137	1502	629	-1946	8134	-68	-68	-3	174	8	-620	
82188	1503	627	-1943	8134	-68	-68	-1	180	0	-622	
82240	1504	630	-1943	8129	-67	-68	-1	172	-4	-622	
82293	1505	636	-1945	8123	-67	-69	-3	177	13	-613	
82347	1506	636	-1944	8123	-68	-69	-2	173	3	-621	
82398	1507	632	-1946	8128	-66	-69	-3	179	7	-623	
82450	1508	637	-1951	8127	-68	-69	-3	177	7	-621	
82502	1509	634	-1955	8125	-68	-70	-2	174	6	-624	
82554	1510	631	-1952	8124	-68	-69	-2	174	4	-622	
82607	1511	637	-1950	8126	-68	-69	-3	176	8	-620	
82658	1512	632	-1945	8120	-69	-68	-3	172	4	-626	
82710	1513	634	-1945	8124	-68	-69	-2	178	8	-620	
82762	1514	630	-1953	8120	-68	-68	-2	171	15	-625	
82816	1515	624	-1949	8120	-66	-68	-2	175	11	-623	
82869	1516	635	-1949	8125	-69	-69	-1	166	14	-618	
82921	1517	636	-1948	8122	-69	-69	-3	172	6	-622	
82973	1518	631	-1947	8126	-69	-69	-1	174	8	-620	
83025	1519	633	-1951	8136	-67	-68	-3	176	12	-616	
83079	1520	633	-1950	8126	-67	-69	-3	169	11	-623	
83131	1521	633	-1950	8132	-67	-68	-3	174	4	-620	
83183	1522	638	-1950	8131	-68	-69	-3	180	12	-616	
83236	1523	634	-1949	8126	-68	-69	-3	182	8	-618	
83289	1524	627	-1951	8133	-68	-69	-2	176	10	-620	
83342	1525	639	-1953	8130	-67	-69	-1	172	6	-628	
83393	1526	634	-1948	8127	-68	-69	-2	172	6	-620	
83445	1527	640	-1943	8131	-68	-69	-1	173	11	-615	
83499	1528	638	-1947	8127	-67	-69	-2	175	7	-623	
83551	1529	641	-1950	8135	-66	-69	-1	167	7	-609	
83603	1530	635	-1946	8128	-68	-68	-1	174	12	-618	
83655	1531	633	-1942	8129	-68	-68	-2	174	0	-620	
83707	1532	634	-1951	8130	-67	-69	-2	180	4	-622	
83760	1533	639	-1939	8131	-67	-68	-3	178	8	-620	
83812	1534	634	-1946	8132	-68	-68	-3	172	2	-622	
83863	1535	635	-1945	8130	-67	-69	-2	178	2	-622	
83915	1536	636	-1947	8132	-66	-70	-1	170	8	-626	
83968	1537	637	-1946	8129	-67	-69	-2	175	7	-619	
84020	1538	633	-1944	8126	-68	-69	-2	181	13	-613	
84073	1539	631	-1945	8132	-67	-69	-3	170	8	-620	
84124	1540	628	-1948	8133	-67	-69	-2	176	16	-626	
84177	1541	637	-1945	8124	-67	-68	-2	176	2	-624	
84230	1542	638	-1949	8122	-68	-68	-1	177	3	-627	
84282	1543	632	-1946	8132	-67	-69	-2	180	8	-620	
84334	1544	633	-1939	8127	-67	-68	-2	176	4	-628	
84385	1545	631	-1941	8124	-68	-69	-2	178	2	-616	
84438	1546	638	-1947	8127	-68	-68	-1	177	3	-623	
84490	1547	639	-1942	8134	-67	-69	-2	178	8	-620	
84542	1548	639	-1941	8132	-68	-68	-1	173	11	-623	
84594	1549	632	-1938	8136	-68	-69	-2	173	5	-623	
84646	1550	636	-1943	8125	-66	-68	-1	174	10	-626	
84700	1551	638	-1935	8134	-68	-69	-1	180	8	-620	
84752	1552	646	-1942	8136	-68	-69	-2	177	13	-619	
84805	1553	637	-1943	8128	-68	-69	-1	174	0	-618	
84856	1554	635	-1950	8129	-67	-70	-2	177	-3	-623	
84910	1555	633	-1951	8134	-67	-68	-2	178	0	-622	
84962	1556	638	-1947	8135	-68	-69	-2	181	11	-617	
85015	1557	637	-1946	8128	-68	-69	-2	182	4	-618	
85067	1558	637	-1948	8132	-69	-68	-3	175	7	-615	
85119	1559	635	-1949	8128	-68	-68	-1	181	7	-621	
85171	1560	644	-1950	8133	-67	-68	-1	179	5	-619	
85223	1561	632	-1944	8125	-68	-69	-3	175	3	-623	
85275	1562	637	-1945	8133	-69	-69	-3	171	9	-623	
85326	1563	641	-1947	8128	-67	-69	-3	179	7	-623	
85379	1564	636	-1950	8121	-69	-69	-1	179	3	-621	
85431	1565	639	-1944	8121	-69	-68	-1	173	11	-621	
85484	1566	636	-1944	8128	-67	-69	-2	178	6	-622	
85536	1567	639	-1949	8122	-68	-68	-1	178	6	-614	
85587	1568	644	-1941	8126	-67	-67	-3	175	13	-619	
85641	1569	635	-1945	8122	-67	-69	-3	176	10	-622	
85694	1570	635	-1946	8137	-67	-69	-2	175	5	-623	
85746	1571	637	-1946	8121	-67	-69	-1	183	3	-617	
85798	1572	638	-1940	8124	-68	-71	-2	174	4	-622	
85850	1573	647	-1945	8135	-68	-69	-3	165	17	-619	
85903	1574	636	-1951	8136	-67	-68	-1	177	9	-621	
85955	1575	640	-1950	8137	-68	-67	-2	176	8	-620	
86007	1576	636	-1940	8133	-68	-69	-3	181	1	-623	
86059	1577	631	-1945	8131	-68	-69	-2	181	7	-615	
86111	1578	639	-1948	8128	-67	-69	-2	165	7	-617	
86163	1579	638	-1944	8133	-67	-68	-2	180	4	-624	
86215	1580	634	-1941	8126	-68	-68	-1	173	7	-615	
86267	1581	639	-1945	8126	-67	-69	-2	174	6	-620	
86319	1582	632	-1949	8117	-69	-68	-1	176	0	-626	
86371	1583	639	-1951	8127	-68	-68	-2	178	8	-630	
86423	1584	636	-1954	8130	-67	-70	-2	180	6	-622	
86475	1585	633	-1940	8131	-67	-69	-2	179	1	-625	
86527	1586	636	-1944	8120	-67	-68	-2	174	4	-620	
86579	1587	629	-1939	8131	-67	-68	-2	174	4	-622	
86631	1588	638	-1944	8122	-68	-69	-1	173	1	-617	
86683	1589	631	-1951	8128	-67	-68	-2	177	11	-623	
86736	1590	637	-1949	8130	-69	-68	-1	177	9	-613	
86788	1591	638	-1950	8127	-68	-68	-2	175	7	-623	
86840	1592	640	-1944	8131	-67	-68	-2	176	4	-616	
86892	1593	645	-1947	8120	-67	-68	-2	168	2	-620	
86944	1594	637	-1943	8133	-68	-69	-2	173	-3	-621	
86998	1595	644	-1943	8132	-69	-68	-1	175	5	-617	
87049	1596	639	-1940	8137	-69	-68	-2	172	0	-626	
87101	1597	642	-1947	8135	-69	-69	-3	179	3	-621	
87153	1598	629	-1945	8135	-67	-68	-2	176	4	-616	
87205	1599	649	-1946	8133	-67	-68	-2	177	7	-625	
87257	1600	641	-1946	8134	-67	-69	-2	178	14	-618	
87310	1601	637	-1949	8123	-68	-68	-2	179	3	-619	
87362	1602	636	-1951	8129	-69	-69	-2	167	5	-621	
87414	1603	637	-1946	8132	-69	-69	-2	176	16	-614	
87468	1604	648	-1947	8129	-68	-67	-2	179	11	-623	
87520	1605	640	-1946	8125	-68	-67	-3	176	10	-614	
87573	1606	639	-1942	8124	-69	-69	-2	182	14	-624	
87626	1607	640	-1948	8128	-68	-69	-2	175	11	-619	
87680	1608	645	-1947	8131	-68	-68	-2	176	8	-620	
87732	1609	645	-1951	8129	-68	-68	-2	178	4	-624	
87783	1610	637	-1953	8131	-67	-68	-2	181	9	-621	
87835	1611	635	-1945	8125	-68	-67	-2	174	4	-624	
87887	1612	644	-1937	8127	-68	-69	-3	177	3	-619	
87940	1613	642	-1950	8132	-69	-69	-2	173	1	-621	
87991	1614	633	-1942	8136	-67	-68	-2	179	5	-625	
88043	1615	635	-1952	8129	-68	-67	-3	171	3	-623	
88095	1616	642	-1951	8120	-69	-68	-1	174	8	-624	
88147	1617	644	-1945	8126	-69	-69	-2	177	13	-623	
88201	1618	636	-1949	8131	-68	-68	-2	179	7	-621	
88252	1619	638	-1949	8126	-67	-69	-3	170	10	-620	
88305	1620	634	-1949	8130	-67	-70	-4	180	6	-618	
88357	1621	637	-1944	8135	-69	-69	-3	176	2	-624	
88410	1622	642	-1946	8127	-69	-69	-3	181	11	-623	
88463	1623	634	-1946	8128	-67	-69	-2	177	1	-617	
88514	1624	638	-1944	8126	-68	-68	-2	175	3	-623	
88566	1625	643	-1945	8121	-67	-69	-3	171	3	-619	
88619	1626	641	-1948	8119	-67	-69	-4	171	9	-625	
88671	1627	647	-1944	8126	-68	-68	-3	179	9	-619	
88722	1628	636	-1948	8138	-68	-68	-2	175	9	-615	
88774	1629	639	-1947	8122	-68	-69	-2	176	2	-622	
88826	1630	643	-1947	8124	-68	-70	-2	176	2	-628	
88879	1631	643	-1946	8132	-68	-69	-2	175	3	-617	
88931	1632	646	-1947	8127	-68	-69	-2	177	9	-613	
88982	1633	635	-1947	8132	-68	-68	-2	179	3	-617	
89034	1634	646	-1943	8122	-68	-68	-2	170	4	-624	
89087	1635	637	-1941	8122	-69	-67	-3	179	1	-625	
89139	1636	638	-1949	8123	-69	-68	-2	168	12	-618	
89192	1637	636	-1949	8125	-68	-68	-2	170	2	-624	
89243	1638	636	-1942	8125	-67	-69	-1	175	5	-629	
89295	1639	639	-1942	8130	-67	-68	-2	172	16	-612	
89349	1640	644	-1942	8133	-68	-68	-3	177	13	-621	
89402	1641	633	-1943	8128	-68	-68	-2	174	8	-620	
89453	1642	630	-1945	8128	-68	-69	-2	180	4	-620	
89505	1643	641	-1946	8128	-68	-69	-2	171	19	-615	
89559	1644	641	-1950	8119	-67	-68	-2	179	7	-617	
89611	1645	635	-1950	8133	-66	-70	-2	179	3	-627